date,jeniskantor,namakantor,cabanginduk,alamat,kodepos,operational_hour,telephone,fax,telex,atm,jenis,mapsurl
12-Kalimantan-Kantor Wilayah,Kantor Wilayah,Kantor Wilayah 5,Balikpapan,"Kavling 8 Square Blok A6 & A7, Lantai 3, RT 28 Jl. M.T. Haryono, Kel. Damai, Kec. Balikpapan Selatan",76114,Tutup Sementara,(0542) 7208888<br />(0542) 7209999,(0542) 765477,,,kantor,https://goo.gl/maps/mgKwVw5aTEr
12-Kalimantan-Kantor Cabang,Kantor Cabang,Balikpapan,Balikpapan,"Kavling 8 Square Blok A6 & A7, RT 28 Jl. M.T. Haryono, Kel. Damai, Kec. Balikpapan Selatan",76114,08.30 - 14.30,(0542) 7208888<br />(0542) 7209999,(0542) 765477,,y,kantor,https://goo.gl/maps/mgKwVw5aTEr
12-Kalimantan-Kantor Cabang Pembantu,Kantor Cabang Pembantu,Plaza Kebun Sayur,Balikpapan,"Ruko Plaza Kebun Sayur No. T.36, Jl. Jend. Suprapto, Kel. Baru Ilir, Kec. Balikpapan Barat",76131,08.30 - 14.30,(0542) 748 073,(0542) 748 074,,y,kantor,https://goo.gl/maps/jfnjCfQQPzp
12-Kalimantan-Kantor Cabang Pembantu,Kantor Cabang Pembantu,Gunung Sari,Balikpapan,"Jl. Jend. A. Yani No. 267, Balikpapan",76121,08.30 - 14.30,(0542) 732531,(0542) 732534,,y,kantor,https://goo.gl/maps/VvE5CY6bPjA2
12-Kalimantan-Kantor Cabang Pembantu,Kantor Cabang Pembantu,Balikpapan Permai ,Balikpapan,"Komplek Balikpapan Permai, Jl. Jend. Sudirman Blok C/II No. 88, Balikpapan",76114,08.30 - 14.30,(0542) 733238<br />(0542) 733228,(0542) 733238,,n,kantor,https://goo.gl/maps/CwWzMxeMwTk
12-Kalimantan-ATM,Kantor Cabang,Balikpapan,Balikpapan,"Kavling 8 Square Blok A6 & A7, RT 28 Jl. M.T. Haryono, Kel. Damai, Kec. Balikpapan Selatan",76114,Beroperasi,(0542) 7208888<br />(0542) 7209999,(0542) 765477,,y,atm,https://goo.gl/maps/mgKwVw5aTEr
12-Kalimantan-ATM,Kantor Cabang Pembantu,Plaza Kebun Sayur,Balikpapan,"Ruko Plaza Kebun Sayur No. T.36, Jl. Jend. Suprapto, Kel. Baru Ilir, Kec. Balikpapan Barat",76131,Beroperasi,(0542) 748 073,(0542) 748 074,,y,atm,https://goo.gl/maps/jfnjCfQQPzp
12-Kalimantan-ATM,Kantor Cabang Pembantu,Gunung Sari,Balikpapan,"Jl. Jend. A. Yani No. 267, Balikpapan",76121,Beroperasi,(0542) 732531,(0542) 732534,,y,atm,https://goo.gl/maps/VvE5CY6bPjA2
12-Sumatera-Kantor Cabang,Kantor Cabang,Bandar Lampung,Bandar Lampung,"Jl. Ikan Tenggiri No. 17/A, Teluk Betung, Bandar Lampung",35223,08.30 - 14.30,(0721) 482982,(0721) 482951,,y,kantor,https://goo.gl/maps/8hAHUpfrDQx
12-Sumatera-Kantor Cabang Pembantu,Kantor Cabang Pembantu,Tanjung Karang ,Bandar Lampung,"Jl. Padang Blok B III No. 2, Tanjung Karang",35111,Tutup Sementara,(0721) 261155,(0721) 241106,,n,kantor,https://goo.gl/maps/Ery6J5mQj2s
12-Sumatera-ATM,Kantor Cabang,Bandar Lampung,Bandar Lampung,"Jl. Ikan Tenggiri No. 17/A, Teluk Betung, Bandar Lampung",35223,Beroperasi,(0721) 482982,(0721) 482951,,y,atm,https://goo.gl/maps/8hAHUpfrDQx
12-Jawa Barat-Kantor Wilayah,Kantor Wilayah,Kantor Wilayah 7,Bandung,"Jl. Jend. Sudirman No. 55 A, Bandung",40241,08.30 - 14.30,(022) 4204491,(022) 4238906,,,kantor,https://goo.gl/maps/o6iYJCgf1KR2
12-Jawa Barat-Kantor Cabang,Kantor Cabang,Bandung,Bandung,"Jl. Jend. Sudirman No. 55 A, Bandung",40241,08.30 - 14.30,(022) 4204491,(022) 4238906,28233<br /> 28488<br /> 28675,y,kantor,https://goo.gl/maps/JSkmaQtXA2k
12-Jawa Barat-Kantor Cabang Pembantu,Kantor Cabang Pembantu,Achmad Yani,Bandung,"Jl. Jend. Achmad Yani No. 235, Bandung",40271,08.30 - 14.30,(022) 7204952,(022) 7205551  ,,y,kantor,https://goo.gl/maps/xu8ijGoLKEu
12-Jawa Barat-Kantor Cabang Pembantu,Kantor Cabang Pembantu,Kopo,Bandung,"Jl. Kopo No. 91, Bandung",40234,08.30 - 14.30,(022) 5230030<br />(022) 5204784,(022) 5204784<br />(022) 5227177,,y,kantor,https://goo.gl/maps/rZfu39jjqB82
12-Jawa Barat-Kantor Cabang Pembantu,Kantor Cabang Pembantu,Buah Batu,Bandung,"Ruko Buah Batu No.146 A, Jl. Buah Batu No.1, Kel. Cijagra, Kec. Lengkong",40274,08.30 - 14.30,(022) 731 5139,(022) 731 5193,,y,kantor,https://goo.gl/maps/iUdS2hJuddG2
12-Jawa Barat-Kantor Cabang Pembantu,Kantor Cabang Pembantu,Cimahi,Bandung,"Jl. Raya  No. 545, Cimahi",40523,08.30 - 14.30,(022) 6649530,(022) 6657013,,y,kantor,https://goo.gl/maps/NGLnnEMjfps
12-Jawa Barat-Kantor Cabang Pembantu,Kantor Cabang Pembantu,Sukajadi ,Bandung,"Jl. Sukajadi No. 5, Bandung",40162,08.30 - 14.30,"(022) 2037498<br />
(022) 2039266",(022) 2039266,,y,kantor,https://goo.gl/maps/eZqbV5YQgM22
12-Jawa Barat-Kantor Cabang Pembantu,Kantor Cabang Pembantu,Setiabudi,Bandung,"Jl. Dr. Setiabudi No. 146 B, Lingkungan Hegarmanah, Kecamatan Cidadap",40141,08.30 - 14.30,(022) 8206 6033,(022) 8206 6481,,y,kantor,https://goo.gl/maps/tGMsJgR7N862
12-Jawa Barat-Kantor Cabang Pembantu,Kantor Cabang Pembantu,Andir,Bandung,"Jl. Jamika No. 19, Bandung",40231,08.30 - 14.30,(022) 602 3509,(022) 607 9274,,y,kantor,https://goo.gl/maps/fBES4J2nYEU2
12-Jawa Barat-Kantor Cabang Pembantu,Kantor Cabang Pembantu,Kopo Bihbul,Bandung,"Jl. Raya Kopo Bihbul No. 69, Bandung",40228,08.30 - 14.30,(022) 5401131<br />(022) 5420269,(022) 5420466  ,,y,kantor,https://goo.gl/maps/rZ7v36EaoKT2
12-Jawa Barat-Kantor Cabang Pembantu,Kantor Cabang Pembantu,Pasir Kaliki,Bandung,"Jl. Pasir Kaliki No. 161, Bandung",40173,08.30 - 14.30,(022) 6017027,(022) 3044520,,y,kantor,https://goo.gl/maps/i686ecDm8cE2
12-Jawa Barat-Kantor Cabang Pembantu,Kantor Cabang Pembantu,Dago,Bandung,Jl. Ir. H. Juanda No.43 (Dago),40116,08.30 - 14.30,(022) 4261175<br />(022) 4261191,(022) 4267885,,y,kantor,https://goo.gl/maps/q7tfjpCaYvP2
12-Jawa Barat-ATM,Kantor Cabang,Bandung,Bandung,"Jl. Jend. Sudirman No. 55 A, Bandung",40241,Beroperasi,(022) 4204491,(022) 4238906,28233<br /> 28488<br /> 28675,y,atm,https://goo.gl/maps/JSkmaQtXA2k
12-Jawa Barat-ATM,Kantor Cabang Pembantu,Achmad Yani,Bandung,"Jl. Jend. Achmad Yani No. 235, Bandung",40271,Beroperasi,(022) 7204952,(022) 7205551  ,,y,atm,https://goo.gl/maps/xu8ijGoLKEu
12-Jawa Barat-ATM,Kantor Cabang Pembantu,Kopo,Bandung,"Jl. Kopo No. 91, Bandung",40234,Beroperasi,(022) 5230030<br />(022) 5204784,(022) 5204784<br />(022) 5227177,,y,atm,https://goo.gl/maps/rZfu39jjqB82
12-Jawa Barat-ATM,Kantor Cabang Pembantu,Buah Batu,Bandung,"Ruko Buah Batu No.146 A, Jl. Buah Batu No.1, Kel. Cijagra, Kec. Lengkong",40274,Beroperasi,(022) 731 5139,(022) 731 5193,,y,atm,https://goo.gl/maps/iUdS2hJuddG2
12-Jawa Barat-ATM,Kantor Cabang Pembantu,Cimahi,Bandung,"Jl. Raya  No. 545, Cimahi",40523,Beroperasi,(022) 6649530,(022) 6657013,,y,atm,https://goo.gl/maps/NGLnnEMjfps
12-Jawa Barat-ATM,Kantor Cabang Pembantu,Sukajadi ,Bandung,"Jl. Sukajadi No. 5, Bandung",40162,Beroperasi,"(022) 2037498<br />
(022) 2039266",(022) 2039266,,y,atm,https://goo.gl/maps/eZqbV5YQgM22
12-Jawa Barat-ATM,Kantor Cabang Pembantu,Setiabudi,Bandung,"Jl. Dr. Setiabudi No. 146 B, Lingkungan Hegarmanah, Kecamatan Cidadap",40141,Beroperasi,(022) 8206 6033,(022) 8206 6481,,y,atm,https://goo.gl/maps/tGMsJgR7N862
12-Jawa Barat-ATM,Kantor Cabang Pembantu,Andir,Bandung,"Jl. Jamika No. 19, Bandung",40231,Beroperasi,(022) 602 3509,(022) 607 9274,,y,atm,https://goo.gl/maps/fBES4J2nYEU2
12-Jawa Barat-ATM,Kantor Cabang Pembantu,Kopo Bihbul,Bandung,"Jl. Raya Kopo Bihbul No. 69, Bandung",40228,Beroperasi,(022) 5401131<br />(022) 5420269,(022) 5420466  ,,y,atm,https://goo.gl/maps/rZ7v36EaoKT2
12-Jawa Barat-ATM,Kantor Cabang Pembantu,Pasir Kaliki,Bandung,"Jl. Pasir Kaliki No. 161, Bandung",40173,Beroperasi,(022) 6017027,(022) 3044520,,y,atm,https://goo.gl/maps/i686ecDm8cE2
12-Jawa Barat-ATM,Kantor Cabang Pembantu,Dago,Bandung,Jl. Ir. H. Juanda No.43 (Dago),40116,Beroperasi,(022) 4261175<br />(022) 4261191,(022) 4267885,,y,atm,https://goo.gl/maps/q7tfjpCaYvP2
12-Jawa Barat-Kantor Cabang,Kantor Cabang,Bandung Rivai,Bandung Rivai,Jl. Abdul Rivai No. 2 A,40116,08.30 - 14.30,(022) 4209980,(022) 4209970,,y,kantor,https://goo.gl/maps/rCVncPe1nuE2
12-Kalimantan-Kantor Cabang,Kantor Cabang,Banjarmasin,Banjarmasin,"Jl. Lambung Mangkurat No. 17, Banjarmasin, 12-Kalimantan-1987 Selatan",70111,08.30 - 14.30,(0511) 3357172<br />(0511) 3353754<br />(0551) 3365312 ,(0511) 3353305,,y,kantor,https://goo.gl/maps/JRzxd9pmV6A2
12-Kalimantan-Kantor Cabang Pembantu,Kantor Cabang Pembantu,A. Yani ,Banjarmasin,"Jl. Jend. A. Yani KM 2, No. 12 RT 17, Banjarmasin",70249,Tutup Sementara,(0511) 3269525<br />(0511) 3262991,(0511) 3269525,,y,kantor,https://goo.gl/maps/WmMSvRaoqM62
12-Kalimantan-ATM,Kantor Cabang,Banjarmasin,Banjarmasin,"Jl. Lambung Mangkurat No. 17, Banjarmasin, 12-Kalimantan-1987 Selatan",70111,Beroperasi,(0511) 3357172<br />(0511) 3353754<br />(0551) 3365312 ,(0511) 3353305,,y,atm,https://goo.gl/maps/JRzxd9pmV6A2
12-Kalimantan-ATM,Kantor Cabang Pembantu,A. Yani ,Banjarmasin,"Jl. Jend. A. Yani KM 2, No. 12 RT 17, Banjarmasin",70249,Beroperasi,(0511) 3269525<br />(0511) 3262991,(0511) 3269525,,y,atm,https://goo.gl/maps/WmMSvRaoqM62
12-Jawa Timur-Kantor Cabang,Kantor Cabang,Banyuwangi,Banyuwangi,"Jl. Jend. Sudirman No. 16, Banyuwangi, 12-Jawa Timur-1987",68416,08.30 - 14.30,(0333) 426500<br />(0333) 424705<br />(0333) 423061-62<br />(0333) 422270-71<br />(0333) 424070,(0333) 424260,,y,kantor,https://goo.gl/maps/Bz2Gr1eRxDn
12-Jawa Timur-ATM,Kantor Cabang,Banyuwangi,Banyuwangi,"Jl. Jend. Sudirman No. 16, Banyuwangi, 12-Jawa Timur-1987",68416,Beroperasi,(0333) 426500<br />(0333) 424705<br />(0333) 423061-62<br />(0333) 422270-71<br />(0333) 424070,(0333) 424260,,y,atm,https://goo.gl/maps/Bz2Gr1eRxDn
12-Sumatera-Kantor Cabang,Kantor Cabang,Batam,Batam,"Komplek Batam Plaza Blok E No. 1-3, Jl. Imam Bonjol, Batam",29444,08.30 - 14.30,(0778) 459691,(0778) 458601,,y,kantor,https://goo.gl/maps/Xt1M1d3ACEn
12-Sumatera-Kantor Cabang Pembantu,Kantor Cabang Pembantu,Tanjung Uncang,Batam,"Komplek Pertokoan Fanindo Blok A No.9-10, Kel. Tanjung Uncang, Kec. Batu Aji
",29461,08.30 - 14.30,(0778) 743 2468,(0778) 743 2469,,y,kantor,https://goo.gl/maps/VKPds3fwfHq
12-Sumatera-Kantor Cabang Pembantu,Kantor Cabang Pembantu,Penuin,Batam,"Komplek Pertokoan Citra Mas, Blok A No. 8, Penuin, Kec. Lubuk Baja, Batam",29432,08.30 - 14.30,(0778) 428700,(0778) 452772,,y,kantor,https://goo.gl/maps/Av75fajwBBs
12-Sumatera-ATM,Kantor Cabang,Batam,Batam,"Komplek Batam Plaza Blok E No. 1-3, Jl. Imam Bonjol, Batam",29444,Beroperasi,(0778) 459691,(0778) 458601,,y,atm,https://goo.gl/maps/Xt1M1d3ACEn
12-Sumatera-ATM,Kantor Cabang Pembantu,Tanjung Uncang,Batam,"Komplek Pertokoan Fanindo Blok A No.9-10, Kel. Tanjung Uncang, Kec. Batu Aji
",29461,Beroperasi,(0778) 743 2468,(0778) 743 2469,,y,atm,https://goo.gl/maps/VKPds3fwfHq
12-Sumatera-ATM,Kantor Cabang Pembantu,Penuin,Batam,"Komplek Pertokoan Citra Mas, Blok A No. 8, Penuin, Kec. Lubuk Baja, Batam",29432,Beroperasi,(0778) 428700,(0778) 452772,,y,atm,https://goo.gl/maps/Av75fajwBBs
12-Sumatera-Kantor Cabang,Kantor Cabang,Batam Centre,Batam Centre,"Komplek Mahkota Raya Blok D No. 7 & No. 8, Jl. Engku Putri, Kel. Teluk Tering, Kec. Batam Kota, Kota Batam, Kepulauan Riau",29461,08.30 - 14.30,(0778) 7486000,(0778) 7486025,,y,kantor,https://goo.gl/maps/XSmmtzYx9bR2
12-Sumatera-Kantor Cabang Pembantu,Kantor Cabang Pembantu,Bintan,Batam Centre,"Jl. Merdeka No. 6C, Kel. Tanjungpinang Kota, Kec. Tanjungpinang Kota, Kepulauan Riau",29111,08.30 - 14.30,(0771)  314909-10,(0771) 314916 ,,y,kantor,https://goo.gl/maps/fHvo6FoBumx
12-Sumatera-ATM,Kantor Cabang,Batam Centre,Batam Centre,"Komplek Mahkota Raya Blok D No. 7 & No. 8, Jl. Engku Putri, Kel. Teluk Tering, Kec. Batam Kota, Kota Batam, Kepulauan Riau",29461,Beroperasi,(0778) 7486000,(0778) 7486025,,y,atm,https://goo.gl/maps/XSmmtzYx9bR2
12-Sumatera-ATM,Kantor Cabang Pembantu,Bintan,Batam Centre,"Jl. Merdeka No. 6C, Kel. Tanjungpinang Kota, Kec. Tanjungpinang Kota, Kepulauan Riau",29111,Beroperasi,(0771)  314909-10,(0771) 314916 ,,y,atm,https://goo.gl/maps/fHvo6FoBumx
12-Sumatera-Kantor Cabang,Kantor Cabang,Bengkulu,Bengkulu,Jl. Let. Jend. Suprapto No. 169-171,38221,08.30 - 14.30,(0736)  21705,(0736) 21110,,y,kantor,https://goo.gl/maps/EbECSuZpXuw
12-Sumatera-ATM,Kantor Cabang,Bengkulu,Bengkulu,Jl. Let. Jend. Suprapto No. 169-171,38221,Beroperasi,(0736)  21705,(0736) 21110,,y,atm,https://goo.gl/maps/EbECSuZpXuw
12-Jabodetabek-Kantor Cabang,Kantor Cabang,Bogor,Bogor,"Jl. Suryakencana No. 260 F, Kel. Gudang, Kec. Bogor Tengah, Kota Bogor
",16151,08.30 - 14.30,(0251) 832 5256,(0251) 832 5307,,y,kantor,https://goo.gl/maps/Nw2fDFpZq2D2
12-Jabodetabek-Kantor Cabang Pembantu,Kantor Cabang Pembantu,Dewi Sartika,Bogor,"Jl. Dewi Sartika No. 54, RT.03/RW.02, Kel. Pabaton, Kec. Bogor Tengah, Bogor",16121,08.30 - 14.30,(0251) 8311836<br />(0251) 8314257,(0251) 8314933,,y,kantor,https://goo.gl/maps/bov5bBPeYjM2
12-Jabodetabek-Kantor Cabang Pembantu,Kantor Cabang Pembantu,Cibubur,Bogor,"Ruko Cibubur Times Square Blok B-1 No.11 & 12, Jl. Alternatif Cibubur KM 3, Kel. Jatikarya, Kec. Jatisampurna, Kota Bekasi",17435,08.30 - 14.30,(021) 84592489<br />(021) 84302667,(021) 84597922,,y,kantor,https://goo.gl/maps/6NqLePq3mb22
12-Jabodetabek-Kantor Cabang Pembantu,Kantor Cabang Pembantu,Tajur,Bogor,"Jl. Raya Tajur No. 65 D, Bogor",16141,08.30 - 14.30,(0251) 8392485,(0251) 8392486,,y,kantor,https://goo.gl/maps/2qgxRw3rTQp
12-Jabodetabek-ATM,Kantor Cabang,Bogor,Bogor,"Jl. Suryakencana No. 260 F, Kel. Gudang, Kec. Bogor Tengah, Kota Bogor
",16151,Beroperasi,(0251) 832 5256,(0251) 832 5307,,y,atm,https://goo.gl/maps/Nw2fDFpZq2D2
12-Jabodetabek-ATM,Kantor Cabang Pembantu,Dewi Sartika,Bogor,"Jl. Dewi Sartika No. 54, RT.03/RW.02, Kel. Pabaton, Kec. Bogor Tengah, Bogor",16121,Beroperasi,(0251) 8311836<br />(0251) 8314257,(0251) 8314933,,y,atm,https://goo.gl/maps/bov5bBPeYjM2
12-Jabodetabek-ATM,Kantor Cabang Pembantu,Cibubur,Bogor,"Ruko Cibubur Times Square Blok B-1 No.11 & 12, Jl. Alternatif Cibubur KM 3, Kel. Jatikarya, Kec. Jatisampurna, Kota Bekasi",17435,Beroperasi,(021) 84592489<br />(021) 84302667,(021) 84597922,,y,atm,https://goo.gl/maps/6NqLePq3mb22
12-Jabodetabek-ATM,Kantor Cabang Pembantu,Tajur,Bogor,"Jl. Raya Tajur No. 65 D, Bogor",16141,Beroperasi,(0251) 8392485,(0251) 8392486,,y,atm,https://goo.gl/maps/2qgxRw3rTQp
12-Jawa Barat-Kantor Cabang,Kantor Cabang,Cirebon,Cirebon,"Jl. Yos Sudarso No. 29, Cirebon",45111,08.30 - 14.30,(0231) 205040<br />(0231) 206959<br />(0231) 206396<br />(0231) 221541,"(0231) 201989
(0231) 248340",28029,y,kantor,https://goo.gl/maps/DeLwAgyBVtP2
12-Jawa Barat-Kantor Cabang Pembantu,Kantor Cabang Pembantu,Kuningan ,Cirebon,"Jl. Jend. Sudirman No. 51/55, Kuningan",45511,08.30 - 14.30,(0232) 871738<br />(0232) 871810,(0232) 876641,,y,kantor,https://goo.gl/maps/Fu7nrUdQ1tC2
12-Jawa Barat-Kantor Cabang Pembantu,Kantor Cabang Pembantu,Pasar Balong Pekiringan,Cirebon,Jl. Pekiringan No. 113,45117,08.30 - 14.30,(0231) 205625,(0231) 211423,,n,kantor,https://goo.gl/maps/MpMvxWuu82p
12-Jawa Barat-ATM,Kantor Cabang,Cirebon,Cirebon,"Jl. Yos Sudarso No. 29, Cirebon",45111,Beroperasi,(0231) 205040<br />(0231) 206959<br />(0231) 206396<br />(0231) 221541,"(0231) 201989
(0231) 248340",28029,y,atm,https://goo.gl/maps/DeLwAgyBVtP2
12-Jawa Barat-ATM,Kantor Cabang Pembantu,Kuningan ,Cirebon,"Jl. Jend. Sudirman No. 51/55, Kuningan",45511,Beroperasi,(0232) 871738<br />(0232) 871810,(0232) 876641,,y,atm,https://goo.gl/maps/Fu7nrUdQ1tC2
12-Bali-Kantor Cabang,Kantor Cabang,Denpasar,Denpasar,"Jl. Dr. Wahidin No. 39, Denpasar",0,08.30 - 14.30,(0361) 433014,(0361) 424245,,y,kantor,https://goo.gl/maps/5TnnFe1FEqo
12-Bali-Kantor Cabang Pembantu,Kantor Cabang Pembantu,Tabanan,Denpasar,"Jl. Gajah Mada No. 80, Tabanan",82113,08.30 - 14.30,(0361) 811588<br />(0361) 811277,(0361) 812569 ,,y,kantor,https://goo.gl/maps/TjiGX6jFouB2
12-Bali-Kantor Cabang Pembantu,Kantor Cabang Pembantu,Kuta,Denpasar,"Kompleks Ruko Istana Kuta Galeria Blok Valet No.12 & 12 A, Jl. Patih Jelantik, Kuta, Badung, Bali",80361,08.30 - 14.30,(0361) 769 100,(0361) 769 256,,y,kantor,https://goo.gl/maps/BLn5otwUhKn
12-Bali-Kantor Cabang Pembantu,Kantor Cabang Pembantu,Gatot Subroto,Denpasar,"Jl. Gatot Subroto No. 100 X, Kav. 10, Denpasar",80111,08.30 - 14.30,(0361) 7450714<br />(0361) 7450175<br />(0361) 7427697,(0361) 248826,,y,kantor,https://goo.gl/maps/1YG4LNPtnJ62
12-Bali-Kantor Cabang Pembantu,Kantor Cabang Pembantu,Diponegoro,Denpasar,"Jl. Diponegoro No. 150 Blok A 1 No. 2, Denpasar",80114,08.30 - 14.30,(0361) 262773<br />(0361) 263719<br />(0361) 263720,(0361) 247246,,y,kantor,https://goo.gl/maps/ZEPaVxZVqou
12-Bali-ATM,Kantor Cabang,Denpasar,Denpasar,"Jl. Dr. Wahidin No. 39, Denpasar",0,Beroperasi,(0361) 433014,(0361) 424245,,y,atm,https://goo.gl/maps/5TnnFe1FEqo
12-Bali-ATM,Kantor Cabang Pembantu,Tabanan,Denpasar,"Jl. Gajah Mada No. 80, Tabanan",82113,Beroperasi,(0361) 811588<br />(0361) 811277,(0361) 812569 ,,y,atm,https://goo.gl/maps/TjiGX6jFouB2
12-Bali-ATM,Kantor Cabang Pembantu,Kuta,Denpasar,"Kompleks Ruko Istana Kuta Galeria Blok Valet No.12 & 12 A, Jl. Patih Jelantik, Kuta, Badung, Bali",80361,Beroperasi,(0361) 769 100,(0361) 769 256,,y,atm,https://goo.gl/maps/BLn5otwUhKn
12-Bali-ATM,Kantor Cabang Pembantu,Gatot Subroto,Denpasar,"Jl. Gatot Subroto No. 100 X, Kav. 10, Denpasar",80111,Beroperasi,(0361) 7450714<br />(0361) 7450175<br />(0361) 7427697,(0361) 248826,,y,atm,https://goo.gl/maps/1YG4LNPtnJ62
12-Bali-ATM,Kantor Cabang Pembantu,Diponegoro,Denpasar,"Jl. Diponegoro No. 150 Blok A 1 No. 2, Denpasar",80114,Beroperasi,(0361) 262773<br />(0361) 263719<br />(0361) 263720,(0361) 247246,,y,atm,https://goo.gl/maps/ZEPaVxZVqou
12-Bali-Kantor Cabang,Kantor Cabang,Denpasar Bali Renon,Denpasar Bali Renon,"Jl. Raya Puputan Komplek Pertokoan Niti Mandala Raya No.17, Renon, Denpasar",80235,08.30 - 14.30,(0361) 241888,(0361) 245978,,y,kantor,https://goo.gl/maps/7VyuzJwcNYC2
12-Bali-ATM,Kantor Cabang,Denpasar Bali Renon,Denpasar Bali Renon,"Jl. Raya Puputan Komplek Pertokoan Niti Mandala Raya No.17, Renon, Denpasar",80235,Beroperasi,(0361) 241888,(0361) 245978,,y,atm,https://goo.gl/maps/7VyuzJwcNYC2
12-Jabodetabek-Kantor Cabang,Kantor Cabang,Gajah Mada,Gajah Mada (d/h : Asemka),"Jl. Gajah Mada No.87-87A, Kel. Krukut, Kec. Taman Sari, Jakarta Barat
",11140,08.30 - 14.30,(021) 6329779,(021) 632 9696<br />(021) 632 9766<br />(021) 632 9966<br />(021) 632 9906,,y,kantor,https://goo.gl/maps/d8F5FQEYgS62
12-Jabodetabek-Kantor Cabang Pembantu,Kantor Cabang Pembantu,Glodok Plaza,Gajah Mada (d/h : Asemka),"Komp. Glodok Plaza Blok F No. 1-2, Jl. Pinangsia Raya",11110,08.30 - 14.30,(021) 6595026 <br />(021) 6596745<br />(021) 6280943-44,(021) 6280944,,y,kantor,https://goo.gl/maps/VGJbFqqdJ7F2
12-Jabodetabek-Kantor Cabang Pembantu,Kantor Cabang Pembantu,Pluit,Gajah Mada (d/h : Asemka),Jl. Pluit Kencana Raya No. 76,14450,08.30 - 14.30,(021) 6611770 - 71,(021) 6691163,,y,kantor,https://goo.gl/maps/hyKSezpxZw32
12-Jabodetabek-Kantor Cabang Pembantu,Kantor Cabang Pembantu,Petak Baru,Gajah Mada (d/h : Asemka),Jl. Petak Baru No. 25-26,11230,08.30 - 14.30,(021) 6922115<br />(021) 6922432<br />(021) 6912224<br />(021) 6924069<br />(021) 6901756-57<br />(021) 6917410-11,(021) 6928086,,y,kantor,https://goo.gl/maps/aYkZUkzuyhu
12-Jabodetabek-Kantor Cabang Pembantu,Kantor Cabang Pembantu,Mangga Dua ,Gajah Mada (d/h : Asemka),"Pusat Grosir Pasar Pagi Mangga Dua Lt. III, Blok BC 011,012,012 A & 014, Jl. Mangga Dua Raya",11110,08.30 - 14.30,(021) 6255661<br />(021) 6127340,(021) 6127341 ,,y,kantor,https://goo.gl/maps/Tv1X75w85iz
12-Jabodetabek-Kantor Cabang Pembantu,Kantor Cabang Pembantu,Mangga Dua Plaza ,Gajah Mada (d/h : Asemka),Mangga Dua Plaza Blok F No. 5 Jl. Mangga Dua Raya,11110,08.30 - 14.30,(021) 6120086<br />(021) 6120912<br />(021) 6129128<br />(021) 6129129,(021) 6129130,,y,kantor,https://goo.gl/maps/AMcxFasuQ2k
12-Jabodetabek-Kantor Cabang Pembantu,Kantor Cabang Pembantu,Jembatan Dua,Gajah Mada (d/h : Asemka),Jl. Jembatan Dua No. 139 A,14450,08.30 - 14.30,(021) 6631760<br />(021) 6631761 - 62,(021) 6610615,,y,kantor,https://goo.gl/maps/X2nqZAV9f382
12-Jabodetabek-Kantor Cabang Pembantu,Kantor Cabang Pembantu,Muara Karang ,Gajah Mada (d/h : Asemka),"Jl. Muara Karang No. 1, RT. 019/RW. 02, Kav. Blok Y3 Barat No. 10",14450,08.30 - 14.30,(021) 6625967-69<br />(021) 6601048,(021) 6606171 ,,y,kantor,https://goo.gl/maps/Q1orC4QQNFJ2
12-Jabodetabek-Kantor Cabang Pembantu,Kantor Cabang Pembantu,Pluit Village,Gajah Mada (d/h : Asemka),"Pluit Village MG 8-9, Taman Tirta Loka, Jl. Pluit Permai Raya",14450,08.30 - 14.30,(021) 6683682,(021) 6683692,,y,kantor,https://goo.gl/maps/1XsrHuUyq3F2
12-Jabodetabek-Kantor Cabang Pembantu,Kantor Cabang Pembantu,Pantai Indah Kapuk,Gajah Mada (d/h : Asemka),"Rukan Exclusive Blok A No.27, Jl. Marina Raya, Kel. Kamal Muara, Kec. Penjaringan",14470,08.30 - 14.30,(021) 5694 6227,(021) 5694 6227,,y,kantor,https://goo.gl/maps/zAAKEaHxyM72
12-Jabodetabek-ATM,Kantor Cabang,Gajah Mada,Gajah Mada (d/h : Asemka),"Jl. Gajah Mada No.87-87A, Kel. Krukut, Kec. Taman Sari, Jakarta Barat
",11140,Beroperasi,(021) 6329779,(021) 632 9696<br />(021) 632 9766<br />(021) 632 9966<br />(021) 632 9906,,y,atm,https://goo.gl/maps/d8F5FQEYgS62
12-Jabodetabek-ATM,Kantor Cabang Pembantu,Glodok Plaza,Gajah Mada (d/h : Asemka),"Komp. Glodok Plaza Blok F No. 1-2, Jl. Pinangsia Raya",11110,Beroperasi,(021) 6595026 <br />(021) 6596745<br />(021) 6280943-44,(021) 6280944,,y,atm,https://goo.gl/maps/VGJbFqqdJ7F2
12-Jabodetabek-ATM,Kantor Cabang Pembantu,Pluit,Gajah Mada (d/h : Asemka),Jl. Pluit Kencana Raya No. 76,14450,Beroperasi,(021) 6611770 - 71,(021) 6691163,,y,atm,https://goo.gl/maps/hyKSezpxZw32
12-Jabodetabek-ATM,Kantor Cabang Pembantu,Petak Baru,Gajah Mada (d/h : Asemka),Jl. Petak Baru No. 25-26,11230,Beroperasi,(021) 6922115<br />(021) 6922432<br />(021) 6912224<br />(021) 6924069<br />(021) 6901756-57<br />(021) 6917410-11,(021) 6928086,,y,atm,https://goo.gl/maps/aYkZUkzuyhu
12-Jabodetabek-ATM,Kantor Cabang Pembantu,Mangga Dua ,Gajah Mada (d/h : Asemka),"Pusat Grosir Pasar Pagi Mangga Dua Lt. III, Blok BC 011,012,012 A & 014, Jl. Mangga Dua Raya",11110,Beroperasi,(021) 6255661<br />(021) 6127340,(021) 6127341 ,,y,atm,https://goo.gl/maps/Tv1X75w85iz
12-Jabodetabek-ATM,Kantor Cabang Pembantu,Mangga Dua Plaza ,Gajah Mada (d/h : Asemka),Mangga Dua Plaza Blok F No. 5 Jl. Mangga Dua Raya,11110,Beroperasi,(021) 6120086<br />(021) 6120912<br />(021) 6129128<br />(021) 6129129,(021) 6129130,,y,atm,https://goo.gl/maps/AMcxFasuQ2k
12-Jabodetabek-ATM,Kantor Cabang Pembantu,Jembatan Dua,Gajah Mada (d/h : Asemka),Jl. Jembatan Dua No. 139 A,14450,Beroperasi,(021) 6631760<br />(021) 6631761 - 62,(021) 6610615,,y,atm,https://goo.gl/maps/X2nqZAV9f382
12-Jabodetabek-ATM,Kantor Cabang Pembantu,Muara Karang ,Gajah Mada (d/h : Asemka),"Jl. Muara Karang No. 1, RT. 019/RW. 02, Kav. Blok Y3 Barat No. 10",14450,Beroperasi,(021) 6625967-69<br />(021) 6601048,(021) 6606171 ,,y,atm,https://goo.gl/maps/Q1orC4QQNFJ2
12-Jabodetabek-ATM,Kantor Cabang Pembantu,Pluit Village,Gajah Mada (d/h : Asemka),"Pluit Village MG 8-9, Taman Tirta Loka, Jl. Pluit Permai Raya",14450,Beroperasi,(021) 6683682,(021) 6683692,,y,atm,https://goo.gl/maps/1XsrHuUyq3F2
12-Jabodetabek-ATM,Kantor Cabang Pembantu,Pantai Indah Kapuk,Gajah Mada (d/h : Asemka),"Rukan Exclusive Blok A No.27, Jl. Marina Raya, Kel. Kamal Muara, Kec. Penjaringan",14470,Beroperasi,(021) 5694 6227,(021) 5694 6227,,y,atm,https://goo.gl/maps/zAAKEaHxyM72
12-Jabodetabek-Kantor Cabang,Kantor Cabang,Green Garden,Green Garden,"Komplek Perumahan Green Garden, Blok A.7 No. 47-50, Kel. Kedoya Utara, Kec. Kebon Jeruk",11520,08.30 - 14.30,(021) 5819005<br />(021) 5802814                           ,(021) 5802776,,y,kantor,https://goo.gl/maps/Mg6L46P5jVz
12-Jabodetabek-Kantor Cabang Pembantu,Kantor Cabang Pembantu,Cimone,Green Garden,"Jl. Merdeka No. 320, Kel. Cimone Jaya, Kec. Karawaci, Tangerang",15113,08.30 - 14.30,(021) 5522004,(021) 5525017 ,,y,kantor,https://goo.gl/maps/XihNJKpqTL22
12-Jabodetabek-Kantor Cabang Pembantu,Kantor Cabang Pembantu,Green Ville,Green Garden,"Komplek Pertokoan Green Ville Blok BG No. 14-15, Kel. Duri Kepa, Kec. Kebon Jeruk, Jakarta Barat

",11510,08.30 - 14.30,"(021) 56957883-84<br />(021) 56957895<br />(021) 56957897 

",(021) 56957902,,y,kantor,https://goo.gl/maps/qudqRt8uWgR2
12-Jabodetabek-Kantor Cabang Pembantu,Kantor Cabang Pembantu,Cengkareng ,Green Garden,"Komplek Taman Palem Lestari Blok D 10 No.1, Cengkareng Barat, Jakarta Barat",11730,08.30 - 14.30,(021) 55957447<br />(021) 55957448<br />(021) 55957449,(021) 55957446,,y,kantor,https://goo.gl/maps/eXRBaH69DuM2
12-Jabodetabek-Kantor Cabang Pembantu,Kantor Cabang Pembantu,Tangerang,Green Garden,"Jl. Ki Asnawi No. 64 C-D, Tangerang",15111,08.30 - 14.30,(021) 5523081-83-84<br />(021) 55799082-83,(021) 5523082  ,,y,kantor,https://goo.gl/maps/otCaepkfE2o
12-Jabodetabek-Kantor Cabang Pembantu,Kantor Cabang Pembantu,Duta Mas,Green Garden,"Komplek Perumahan Taman Duta Mas, Blok D8 No. 1, Grogol Petamburan, Jakarta Barat",11460,08.30 - 14.30,(021) 5648262<br />(021) 5649550,(021) 5649464,,y,kantor,https://goo.gl/maps/2jpR6UmKbn92
12-Jabodetabek-Kantor Cabang Pembantu,Kantor Cabang Pembantu,Teluk Gong,Green Garden,"Kompleks Duta Harapan Indah Blok G No. 10, Jl. Kapuk Muara, Jakarta Utara",14460,08.30 - 14.30,(021) 6617577 - 78<br />(021) 6622957,(021) 6612279,,y,kantor,https://goo.gl/maps/8QQ66W4Dx8y
12-Jabodetabek-Kantor Cabang Pembantu,Kantor Cabang Pembantu,BSD Golden,Green Garden,"Ruko BSD Golden Boulevard, Blok C No. 6, Jl. Pahlawan Seribu, Kel. Buaran Lengkong Karya, Kec. Serpong, Tangerang, 12-Banten-1987",15322,08.30 - 14.30,(021) 53160680<br />(021) 53160681<br />(021) 53153168<br />(021) 53153169,(021) 53153087,,y,kantor,https://goo.gl/maps/zUiBBQ1YP5P2
12-Jabodetabek-Kantor Cabang Pembantu,Kantor Cabang Pembantu,Tanjung Duren ,Green Garden,"Jl. Tanjung Duren Raya Blok N No. 352 RT.007/RW.03, Kel. Tanjung Duren Utara, Kec. Grogol Petamburan",11470,08.30 - 14.30,(021) 5642027<br />(021) 5673950<br />(021) 56969082,(021) 5685079,,y,kantor,https://goo.gl/maps/4vMZkLBr5v62
12-Jabodetabek-Kantor Cabang Pembantu,Kantor Cabang Pembantu,Puri Kencana,Green Garden,"Grand Puri Kencana, Jl. Puri Kencana Blok K7/2A, Kel. Kembangan Selatan, Kec. Kembangan                                      
",11610,08.30 - 14.30,(021) 5823602<br />(021) 5823603<br />(021) 5823604<br />(021) 5823605,(021) 581 9222,,y,kantor,https://goo.gl/maps/LWhZpNfdzsN2
12-Jabodetabek-Kantor Cabang Pembantu,Kantor Cabang Pembantu,Citra Garden 2,Green Garden,"Komplek Rukan Citra Niaga, Blok A No. 3, Jl. Utan Jati, Kel. Pegadungan, Kec. Kalideres",10750,08.30 - 14.30,(021) 54377025 - 31,(021) 54374621,,y,kantor,https://goo.gl/maps/TBhMBWMwMqF2
12-Jabodetabek-Kantor Cabang Pembantu,Kantor Cabang Pembantu,Kebon Jeruk,Green Garden,"Gedung Graha Kencana, 1st floor, Jl. Raya Pejuangan No.88, Kebon Jeruk",11530,08.30 - 14.30,(021) 5350638,(021) 5350639,,y,kantor,https://goo.gl/maps/y7sqaizLd2N2
12-Jabodetabek-Kantor Cabang Pembantu,Kantor Cabang Pembantu,Gading Serpong,Green Garden,"Ruko Graha Boulevard Blok GBVC / 002, Jl. Boulevard Gading Serpong, Kel. Curug, Kec. Kelapa Dua, Tangerang, 12-Banten-1987",15810,08.30 - 14.30,(021) 2900 1081,(021) 2900 1071,,y,kantor,https://goo.gl/maps/qp8HbMemSsB2
12-Jabodetabek-Kantor Cabang Pembantu,Kantor Cabang Pembantu,Alam Sutera,Green Garden,"Jl. Jalur Sutera Kav. 29 D, No. 45, Kel. Pakualam, Kec. Serpong Utara
Kota Tangerang Selatan",15320,08.30 - 14.30,(021)3003-0524 ,(021) 3003-0525,,y,kantor,https://goo.gl/maps/7VPidJ5XXNr
12-Jabodetabek-ATM,Kantor Cabang,Green Garden,Green Garden,"Komplek Perumahan Green Garden, Blok A.7 No. 47-50, Kel. Kedoya Utara, Kec. Kebon Jeruk",11520,Beroperasi,(021) 5819005<br />(021) 5802814                           ,(021) 5802776,,y,atm,https://goo.gl/maps/Mg6L46P5jVz
12-Jabodetabek-ATM,Kantor Cabang Pembantu,Cimone,Green Garden,"Jl. Merdeka No. 320, Kel. Cimone Jaya, Kec. Karawaci, Tangerang",15113,Beroperasi,(021) 5522004,(021) 5525017 ,,y,atm,https://goo.gl/maps/XihNJKpqTL22
12-Jabodetabek-ATM,Kantor Cabang Pembantu,Green Ville,Green Garden,"Komplek Pertokoan Green Ville Blok BG No. 14-15, Kel. Duri Kepa, Kec. Kebon Jeruk, Jakarta Barat

",11510,Beroperasi,"(021) 56957883-84<br />(021) 56957895<br />(021) 56957897 

",(021) 56957902,,y,atm,https://goo.gl/maps/qudqRt8uWgR2
12-Jabodetabek-ATM,Kantor Cabang Pembantu,Cengkareng ,Green Garden,"Komplek Taman Palem Lestari Blok D 10 No.1, Cengkareng Barat, Jakarta Barat",11730,Beroperasi,(021) 55957447<br />(021) 55957448<br />(021) 55957449,(021) 55957446,,y,atm,https://goo.gl/maps/eXRBaH69DuM2
12-Jabodetabek-ATM,Kantor Cabang Pembantu,Tangerang,Green Garden,"Jl. Ki Asnawi No. 64 C-D, Tangerang",15111,Beroperasi,(021) 5523081-83-84<br />(021) 55799082-83,(021) 5523082  ,,y,atm,https://goo.gl/maps/otCaepkfE2o
12-Jabodetabek-ATM,Kantor Cabang Pembantu,Duta Mas,Green Garden,"Komplek Perumahan Taman Duta Mas, Blok D8 No. 1, Grogol Petamburan, Jakarta Barat",11460,Beroperasi,(021) 5648262<br />(021) 5649550,(021) 5649464,,y,atm,https://goo.gl/maps/2jpR6UmKbn92
12-Jabodetabek-ATM,Kantor Cabang Pembantu,Teluk Gong,Green Garden,"Kompleks Duta Harapan Indah Blok G No. 10, Jl. Kapuk Muara, Jakarta Utara",14460,Beroperasi,(021) 6617577 - 78<br />(021) 6622957,(021) 6612279,,y,atm,https://goo.gl/maps/8QQ66W4Dx8y
12-Jabodetabek-ATM,Kantor Cabang Pembantu,BSD Golden,Green Garden,"Ruko BSD Golden Boulevard, Blok C No. 6, Jl. Pahlawan Seribu, Kel. Buaran Lengkong Karya, Kec. Serpong, Tangerang, 12-Banten-1987",15322,Beroperasi,(021) 53160680<br />(021) 53160681<br />(021) 53153168<br />(021) 53153169,(021) 53153087,,y,atm,https://goo.gl/maps/zUiBBQ1YP5P2
12-Jabodetabek-ATM,Kantor Cabang Pembantu,Tanjung Duren ,Green Garden,"Jl. Tanjung Duren Raya Blok N No. 352 RT.007/RW.03, Kel. Tanjung Duren Utara, Kec. Grogol Petamburan",11470,Beroperasi,(021) 5642027<br />(021) 5673950<br />(021) 56969082,(021) 5685079,,y,atm,https://goo.gl/maps/4vMZkLBr5v62
12-Jabodetabek-ATM,Kantor Cabang Pembantu,Puri Kencana ,Green Garden,"Grand Puri Kencana, Jl. Puri Kencana Blok K7/2A, Kel. Kembangan Selatan, Kec. Kembangan                                      
",11610,Beroperasi,(021) 5823602<br />(021) 5823603<br />(021) 5823604<br />(021) 5823605,(021) 581 9222,,y,atm,https://goo.gl/maps/LWhZpNfdzsN2
12-Jabodetabek-ATM,Kantor Cabang Pembantu,Citra Garden 2,Green Garden,"Komplek Rukan Citra Niaga, Blok A No. 3, Jl. Utan Jati, Kel. Pegadungan, Kec. Kalideres",10750,Beroperasi,(021) 54377025 - 31,(021) 54374621,,y,atm,https://goo.gl/maps/TBhMBWMwMqF2
12-Jabodetabek-ATM,Kantor Cabang Pembantu,Kebon Jeruk,Green Garden,"Gedung Graha Kencana, 1st floor, Jl. Raya Pejuangan No.88, Kebon Jeruk",11530,Beroperasi,(021) 5350638,(021) 5350639,,y,atm,https://goo.gl/maps/y7sqaizLd2N2
12-Jabodetabek-ATM,Kantor Cabang Pembantu,Gading Serpong,Green Garden,"Ruko Graha Boulevard Blok GBVC / 002, Jl. Boulevard Gading Serpong, Kel. Curug, Kec. Kelapa Dua, Tangerang, 12-Banten-1987",15810,Beroperasi,(021) 2900 1081,(021) 2900 1071,,y,atm,https://goo.gl/maps/qp8HbMemSsB2
12-Jabodetabek-ATM,Kantor Cabang Pembantu,Alam Sutera,Green Garden,"Jl. Jalur Sutera Kav. 29 D, No. 45, Kel. Pakualam, Kec. Serpong Utara
Kota Tangerang Selatan",15320,Beroperasi,(021)3003-0524 ,(021) 3003-0525,,y,atm,https://goo.gl/maps/7VPidJ5XXNr
12-Jabodetabek-Kantor Pusat,Kantor Pusat,UOB Plaza,Jakarta,"Jl. M.H. Thamrin No. 10, Kel. Kebon Melati, Kec. Tanah Abang",10230,08.30 - 14.30,(021) 23506000                                      ,(021) 29936632,,,kantor,https://goo.gl/maps/FoV4AhY4MbH2
12-Jabodetabek-Kantor Wilayah,Kantor Wilayah,Kantor Wilayah 1,Jakarta,"Gedung UOB Plaza Lantai 11, Jl. M.H. Thamrin No. 10, Kel. Kebon Melati, Kec. Tanah Abang",10230,08.30 - 14.30,(021) 23506000                                      ,(021) 29936632,,,kantor,https://goo.gl/maps/FoV4AhY4MbH2
12-Jabodetabek-Kantor Wilayah,Kantor Wilayah,Kantor Wilayah 6,Jakarta,"Kompleks Rukan Gajah, Jl. Dr. Sahardjo No.111, RT. 001, RW. 01, Persil No.12 & No.13, Kel. Tebet Barat, Kec. Tebet",12810,08.30 - 14.30,"(021) 83798666<br />(021) 83788700
",(021) 83798555,,,kantor,https://goo.gl/maps/A31Q1cPgDRx
12-Sumatera-Kantor Cabang,Kantor Cabang,Jambi,Jambi,"JL. R. Mattaher No. 34 - 35, Kel. Orang Kayo Hitam, Jambi",36113,08.30 - 14.30,(0741) 20623,(0741) 7554014,,y,kantor,https://goo.gl/maps/qbF38krsc772
12-Sumatera-ATM,Kantor Cabang,Jambi,Jambi,"JL. R. Mattaher No. 34 - 35, Kel. Orang Kayo Hitam, Jambi",36113,Beroperasi,(0741) 20623,(0741) 7554014,,y,atm,https://goo.gl/maps/qbF38krsc772
12-Jawa Timur-Kantor Cabang,Kantor Cabang,Jember,Jember,"Jl. Gajah Mada No. 68, Jember",68131,08.30 - 14.30,(0331) 484545<br />(0331) 424759<br />(0331) 424859,(0331) 484980,,y,kantor,https://goo.gl/maps/whCgh8hAKxo
12-Jawa Timur-Kantor Cabang Pembantu,Kantor Cabang Pembantu,Ambulu ,Jember,"Jl. Suyitman No. 46, Ambulu, Jember",68172,08.30 - 14.30,(0336) 881902 ,(0336) 881902 ,,n,kantor,https://goo.gl/maps/3rdkEwLLsLH2
12-Jawa Timur-ATM,Kantor Cabang,Jember,Jember,"Jl. Gajah Mada No. 68, Jember",68131,Beroperasi,(0331) 484545<br />(0331) 424759<br />(0331) 424859,(0331) 484980,,y,atm,https://goo.gl/maps/whCgh8hAKxo
12-Jawa Timur-ATM,Kantor Cabang Pembantu,Ambulu ,Jember,"Jl. Suyitman No. 46, Ambulu, Jember",68172,Beroperasi,(0336) 881902 ,(0336) 881902 ,,n,atm,https://goo.gl/maps/3rdkEwLLsLH2
12-Jawa Timur-Kantor Cabang,Kantor Cabang,Jombang,Jombang,"Jl. Merdeka No. 133, Jombang",61413,08.30 - 14.30,(0321) 862500-01 <br />(0321) 862337<br />(0321) 874857-58,(0321) 862171,,y,kantor,https://goo.gl/maps/iNr7HwpnFMA2
12-Jawa Timur-Kantor Cabang Pembantu,Kantor Cabang Pembantu,Mojokerto,Jombang,"Jl. Mojopahit 55-57, Mojokerto",61312,08.30 - 14.30,(0321) 322291<br />(0321) 322816 ,(0321) 322719,,y,kantor,https://goo.gl/maps/mEtNjHU2Snq
12-Jawa Timur-ATM,Kantor Cabang,Jombang,Jombang,"Jl. Merdeka No. 133, Jombang",61413,Beroperasi,(0321) 862500-01 <br />(0321) 862337<br />(0321) 874857-58,(0321) 862171,,y,atm,https://goo.gl/maps/iNr7HwpnFMA2
12-Jawa Timur-ATM,Kantor Cabang Pembantu,Mojokerto,Jombang,"Jl. Mojopahit 55-57, Mojokerto",61312,Beroperasi,(0321) 322291<br />(0321) 322816 ,(0321) 322719,,y,atm,https://goo.gl/maps/mEtNjHU2Snq
12-Jabodetabek-Kantor Cabang,Kantor Cabang,Juanda,Juanda,"Jl. Ir. H. Juanda No.15, Kel. Kebon Kelapa, Kec. Gambir",10120,08.30 - 14.30,(021) 22035055       ,(021) 22035056 - 58,,y,kantor,https://goo.gl/maps/5RFdsPMpgFU2
12-Jabodetabek-Kantor Cabang Pembantu,Kantor Cabang Pembantu,Petojo,Juanda,Jl. A.M Sangaji No. 25 E,10130,08.30 - 14.30,(021) 6324562-63,(021) 6324562<br />(021) 63855187,,y,kantor,https://goo.gl/maps/z22TuFsFDWp
12-Jabodetabek-Kantor Cabang Pembantu,Kantor Cabang Pembantu,Roxy Mas ,Juanda,Jl. Kyai Haji Hasyim Ashari Blok D 4 No. 18,10150,08.30 - 14.30,(021) 63858204-07,(021) 63858207,,y,kantor,https://goo.gl/maps/jBaz4bxUAP62
12-Jabodetabek-Kantor Cabang Pembantu,Kantor Cabang Pembantu,K.H.M. Mansyur,Juanda,Jl. KHM Mansyur No. 202 B,11270,08.30 - 14.30,"(021) 6332755<br />
(021) 6332756",(021) 6332759,,y,kantor,https://goo.gl/maps/CajJwDZVMp22
12-Jabodetabek-Kantor Cabang Pembantu,Kantor Cabang Pembantu,Sawah Besar ,Juanda,Jl. Sukarjo Wiryopranoto No. 26,10120,08.30 - 14.30,(021) 3853677<br />(021) 231368<br />(021) 2313479<br />(021) 3453336<br />(021) 3453337,(021) 3860602  ,,y,kantor,https://goo.gl/maps/LU87XUft9UC2
12-Jabodetabek-Kantor Cabang Pembantu,Kantor Cabang Pembantu,Pasar Baru,Juanda,"Jl. K. H. Samanhudi 40 A, RT. 006/RW. 02, Pasar Baru, Sawah Besar",10710,08.30 - 14.30,(021) 3500523<br />(021) 3850468<br />(021) 3866520<br />(021) 3510587<br />(021) 3510588,(021) 3510589,,y,kantor,https://goo.gl/maps/pBxDHwSDF162
12-Jabodetabek-Kantor Cabang Pembantu,Kantor Cabang Pembantu,Central Park,Juanda,"Central Park Mall, 3rd Floor, Shop Unit No. L3 - 203 A, Jl. Let. Jend. S. Parman Kav. 28, Kel. Tanjung Duren, Kec. Grogol Petamburan, 
Jakarta Barat",11470,08.30 - 14.30,(021) 2920 1015 (Hunting)<br />(021) 2920 1013<br />(021) 2920 1014<br />(021) 2920 1016,(021) 2920 1017,,y,kantor,https://goo.gl/maps/yV9MhzVqvN12
12-Jabodetabek-Kantor Cabang Pembantu,Kantor Cabang Pembantu,Mangga Besar,Juanda,Jl. Mangga Besar No. 68 - 68 A,10730,08.30 - 14.30,(021) 6594677<br />(021) 6292150<br />(021) 6292349,(021) 6293113  ,,y,kantor,https://goo.gl/maps/zyz7ybwBEg72
12-Jabodetabek-Kantor Cabang Pembantu,Kantor Cabang Pembantu,Pangeran Jayakarta ,Juanda,"Jl. Pangeran Jayakarta No. 126-129 Blok A/5, Kel. Mangga Dua Selatan, Kec. Sawah Besar",10730,08.30 - 14.30,(021) 62201905<br />(021) 62201906<br />(021) 62201907<br />(021) 6016574,(021) 62201904,,y,kantor,https://goo.gl/maps/bDeGcCZZdHR2
12-Jabodetabek-ATM,Kantor Cabang,Juanda,Juanda,"Jl. Ir. H. Juanda No.15, Kel. Kebon Kelapa, Kec. Gambir",10120,Beroperasi,(021) 22035055       ,(021) 22035056 - 58,,y,atm,https://goo.gl/maps/5RFdsPMpgFU2
12-Jabodetabek-ATM,Kantor Cabang Pembantu,Petojo,Juanda,Jl. A.M Sangaji No. 25 E,10130,Beroperasi,(021) 6324562-63,(021) 6324562<br />(021) 63855187,,y,atm,https://goo.gl/maps/z22TuFsFDWp
12-Jabodetabek-ATM,Kantor Cabang Pembantu,Roxy Mas ,Juanda,Jl. Kyai Haji Hasyim Ashari Blok D 4 No. 18,10150,Beroperasi,(021) 63858204-07,(021) 63858207,,y,atm,https://goo.gl/maps/jBaz4bxUAP62
12-Jabodetabek-ATM,Kantor Cabang Pembantu,K.H.M. Mansyur,Juanda,Jl. KHM Mansyur No. 202 B,11270,Beroperasi,"(021) 6332755<br />
(021) 6332756",(021) 6332759,,y,atm,https://goo.gl/maps/CajJwDZVMp22
12-Jabodetabek-ATM,Kantor Cabang Pembantu,Sawah Besar ,Juanda,Jl. Sukarjo Wiryopranoto No. 26,10120,Beroperasi,(021) 3853677<br />(021) 231368<br />(021) 2313479<br />(021) 3453336<br />(021) 3453337,(021) 3860602  ,,y,atm,https://goo.gl/maps/LU87XUft9UC2
12-Jabodetabek-ATM,Kantor Cabang Pembantu,Pasar Baru,Juanda,"Jl. K. H. Samanhudi 40 A, RT. 006/RW. 02, Pasar Baru, Sawah Besar",10710,Beroperasi,(021) 3500523<br />(021) 3850468<br />(021) 3866520<br />(021) 3510587<br />(021) 3510588,(021) 3510589,,y,atm,https://goo.gl/maps/pBxDHwSDF162
12-Jabodetabek-ATM,Kantor Cabang Pembantu,Central Park,Juanda,"Central Park Mall, 3rd Floor, Shop Unit No. L3 - 203 A, Jl. Let. Jend. S. Parman Kav. 28, Kel. Tanjung Duren, Kec. Grogol Petamburan, 
Jakarta Barat",11470,Beroperasi,(021) 2920 1015 (Hunting)<br />(021) 2920 1013<br />(021) 2920 1014<br />(021) 2920 1016,(021) 2920 1017,,y,atm,https://goo.gl/maps/yV9MhzVqvN12
12-Jabodetabek-ATM,Kantor Cabang Pembantu,Mangga Besar,Juanda,Jl. Mangga Besar No. 68 - 68 A,10730,Beroperasi,(021) 6594677<br />(021) 6292150<br />(021) 6292349,(021) 6293113  ,,y,atm,https://goo.gl/maps/zyz7ybwBEg72
12-Jabodetabek-ATM,Kantor Cabang Pembantu,Pangeran Jayakarta ,Juanda,"Jl. Pangeran Jayakarta No. 126-129 Blok A/5, Kel. Mangga Dua Selatan, Kec. Sawah Besar",10730,Beroperasi,(021) 62201905<br />(021) 62201906<br />(021) 62201907<br />(021) 6016574,(021) 62201904,,y,atm,https://goo.gl/maps/bDeGcCZZdHR2
12-Jabodetabek-Kantor Cabang,Kantor Cabang,Kelapa Gading,Kelapa Gading,"Jl. Raya Barat Boulevard Blok LC 7 No. 1-2, Kelapa Gading Permai",14240,08.30 - 14.30,(021) 4529171                                          ,(021) 4529179,,y,kantor,https://goo.gl/maps/8joErqfMMpS2
12-Jabodetabek-Kantor Cabang Pembantu,Kantor Cabang Pembantu,PIK Boulevard,Kelapa Gading,"Graha Indochem, Lantai Basement  & Lantai Dasar, Jl. Pantai Indah Kapuk Boulevard Kav. SSB/E, Kel. Kamal Muara, Kec. Penjaringan, Jakarta Utara, 14470",14470,08.30 - 14.30,(021) 2921 0600,(021) 2921 0601,,y,kantor,https://goo.gl/maps/xPr6HHMvVbC2
12-Jabodetabek-Kantor Cabang Pembantu,Kantor Cabang Pembantu,Kelapa Gading Boulevard,Kelapa Gading,"Jl. Raya Boulevard Blok FW I No. 18, Kelapa Gading Boulevard, Kelapa Gading, Jakarta Utara",14240,Tutup Sementara,(021) 4531069-70,(021) 45841059  ,,y,kantor,https://goo.gl/maps/zM5nGAjTegD2
12-Jabodetabek-Kantor Cabang Pembantu,Kantor Cabang Pembantu,Tanjung Priok,Kelapa Gading,"Jl. Enggano Blok C No.11-G, Kel. Tanjung Priok, Kec. Tanjung Priok, Jakarta Utara
",0,08.30 - 14.30,(021) 435 1460,(021) 436 6562,,y,kantor,https://goo.gl/maps/anhrRY8wTG22
12-Jabodetabek-Kantor Cabang Pembantu,Kantor Cabang Pembantu,Sunter Agung,Kelapa Gading,"Jl. Danau Sunter Agung Utara Blok D 1 No. 6 B, Sunter Agung, Jakarta Utara",14350,08.30 - 14.30,(021) 6451120-21<br />(021) 65833281-82,(021) 6453821 ,,n,kantor,https://goo.gl/maps/PnrW83vFfwQ2
12-Jabodetabek-Kantor Cabang Pembantu,Kantor Cabang Pembantu,Kramat Jati ,Kelapa Gading,"Jl. Raya Bogor No. 1, Unit RA 2, RT.001/RW.01, Kel. Kramat Jati, Kec. Kramat Jati, Jakarta Timur",13830,08.30 - 14.30,(021) 8092417<br />(021) 8011644<br />(021) 80878641,(021) 8013973 ,,y,kantor,https://goo.gl/maps/ibVKqekwUrJ2
12-Jabodetabek-Kantor Cabang Pembantu,Kantor Cabang Pembantu,Jatinegara,Kelapa Gading,"Jl. Pintu Pasar Utara No. 10-12, Kel. Balimester, Kec. Jatinegara, Jakarta Timur ",13310,Tutup Sementara,(021) 8191918<br />(021) 8193110<br />(021) 8197726<br />(021) 2800178,(021) 8508919,,y,kantor,https://goo.gl/maps/aovmPToBfik
12-Jabodetabek-Kantor Cabang Pembantu,Kantor Cabang Pembantu,Bekasi Selatan,Kelapa Gading,"Jl. Achmad Yani Kav. A4 No. 7, Ruko Kalimalang Commercial Centre, Desa Kayuringin, Bekasi",17144,08.30 - 14.30,(021) 889658 91-93<br />(021) 8853521,(021) 8896 5890,,y,kantor,https://goo.gl/maps/2acwYb7Lo332
12-Jabodetabek-Kantor Cabang Pembantu,Kantor Cabang Pembantu,Cikarang,Kelapa Gading,"Komplek Ruko Cikarang Commercial Center, Blok B1 No. 23, Jl. Raya Cikarang Cibarusah Km.40 No.1, Kel. Pasir Sari, Kec. Cikarang Selatan, Bekasi",17550,08.30 - 14.30,(021) 89835725<br />(021) 89835726<br />(021) 89835727,(021) 89835724,,y,kantor,https://goo.gl/maps/vsg7VYRVnRU2
12-Jabodetabek-Kantor Cabang Pembantu,Kantor Cabang Pembantu,Cempaka Mas,Kelapa Gading,"Ruko Mega Grosir Cempaka Mas, Blok D1 No. 3, Jl. Letjen Suprapto, Kel. Sumur Batu, Kec. Kemayoran, Jakarta Pusat ",10640,Tutup Sementara,"(021) 42906693<br />
(021) 42906694<br />
(021) 42889441",(021) 42889440,,y,kantor,https://goo.gl/maps/z1YDNf7H7LD2
12-Jabodetabek-Kantor Cabang Pembantu,Kantor Cabang Pembantu,Kelapa Gading Boulevard Raya ,Kelapa Gading,"Jl. Boulevard Raya Blok DG No. 2, Kel. Kelapa Gading Timur, Kelapa Gading",14240,08.30 - 14.30,(021) 4527582,(021) 4527583,,y,kantor,https://goo.gl/maps/oL6Rssg6y3Q2
12-Jabodetabek-Kantor Cabang Pembantu,Kantor Cabang Pembantu,Tebet,Kelapa Gading,"Kompleks Rukan Gajah, Jl. Dr. Sahardjo No.111, RT. 001, RW. 01, Persil No.12 & No.13, Kel. Tebet Barat, Kec. Tebet",12810,08.30 - 14.30,"(021) 83798666<br />(021) 83788700
",(021) 83798555,,y,kantor,https://goo.gl/maps/Mw1oyotWGL82
12-Jabodetabek-ATM,Kantor Cabang,Kelapa Gading,Kelapa Gading,"Jl. Raya Barat Boulevard Blok LC 7 No. 1-2, Kelapa Gading Permai",14240,Beroperasi,(021) 4529171                                          ,(021) 4529179,,y,atm,https://goo.gl/maps/8joErqfMMpS2
12-Jabodetabek-ATM,Kantor Cabang Pembantu,PIK Boulevard,Kelapa Gading,"Graha Indochem, Lantai Basement  & Lantai Dasar, Jl. Pantai Indah Kapuk Boulevard Kav. SSB/E, Kel. Kamal Muara, Kec. Penjaringan, Jakarta Utara, 14470",14470,Beroperasi,(021) 2921 0600,(021) 2921 0601,,y,atm,https://goo.gl/maps/xPr6HHMvVbC2
12-Jabodetabek-ATM,Kantor Cabang Pembantu,Kelapa Gading Boulevard,Kelapa Gading,"Jl. Raya Boulevard Blok FW I No. 18, Kelapa Gading Boulevard, Kelapa Gading, Jakarta Utara",14240,Beroperasi,(021) 4531069-70,(021) 45841059  ,,y,atm,https://goo.gl/maps/zM5nGAjTegD2
12-Jabodetabek-ATM,Kantor Cabang Pembantu,Tanjung Priok,Kelapa Gading,"Jl. Enggano Blok C No.11-G, Kel. Tanjung Priok, Kec. Tanjung Priok, Jakarta Utara
",0,Beroperasi,(021) 435 1460,(021) 436 6562,,y,atm,https://goo.gl/maps/anhrRY8wTG22
12-Jabodetabek-ATM,Kantor Cabang Pembantu,Sunter Agung,Kelapa Gading,"Jl. Danau Sunter Agung Utara Blok D 1 No. 6 B, Sunter Agung, Jakarta Utara",14350,Beroperasi,(021) 6451120-21<br />(021) 65833281-82,(021) 6453821 ,,n,atm,https://goo.gl/maps/PnrW83vFfwQ2
12-Jabodetabek-ATM,Kantor Cabang Pembantu,Kramat Jati ,Kelapa Gading,"Jl. Raya Bogor No. 1, Unit RA 2, RT.001/RW.01, Kel. Kramat Jati, Kec. Kramat Jati, Jakarta Timur",13830,Beroperasi,(021) 8092417<br />(021) 8011644<br />(021) 80878641,(021) 8013973 ,,y,atm,https://goo.gl/maps/ibVKqekwUrJ2
12-Jabodetabek-ATM,Kantor Cabang Pembantu,Jatinegara,Kelapa Gading,"Jl. Pintu Pasar Utara No. 10-12, Kel. Balimester, Kec. Jatinegara, Jakarta Timur ",13310,Tidak Beroperasi,(021) 8191918<br />(021) 8193110<br />(021) 8197726<br />(021) 2800178,(021) 8508919,,y,atm,https://goo.gl/maps/aovmPToBfik
12-Jabodetabek-ATM,Kantor Cabang Pembantu,Bekasi Selatan,Kelapa Gading,"Jl. Achmad Yani Kav. A4 No. 7, Ruko Kalimalang Commercial Centre, Desa Kayuringin, Bekasi",17144,Beroperasi,(021) 889658 91-93<br />(021) 8853521,(021) 8896 5890,,y,atm,https://goo.gl/maps/2acwYb7Lo332
12-Jabodetabek-ATM,Kantor Cabang Pembantu,Cikarang,Kelapa Gading,"Komplek Ruko Cikarang Commercial Center, Blok B1 No. 23, Jl. Raya Cikarang Cibarusah Km.40 No.1, Kel. Pasir Sari, Kec. Cikarang Selatan, Bekasi",17550,Beroperasi,(021) 89835725<br />(021) 89835726<br />(021) 89835727,(021) 89835724,,y,atm,https://goo.gl/maps/vsg7VYRVnRU2
12-Jabodetabek-ATM,Kantor Cabang Pembantu,Cempaka Mas,Kelapa Gading,"Ruko Mega Grosir Cempaka Mas, Blok D1 No. 3, Jl. Letjen Suprapto, Kel. Sumur Batu, Kec. Kemayoran, Jakarta Pusat ",10640,Beroperasi,"(021) 42906693<br />
(021) 42906694<br />
(021) 42889441",(021) 42889440,,y,atm,https://goo.gl/maps/z1YDNf7H7LD2
12-Jabodetabek-ATM,Kantor Cabang Pembantu,Kelapa Gading Boulevard Raya ,Kelapa Gading,"Jl. Boulevard Raya Blok DG No. 2, Kel. Kelapa Gading Timur, Kelapa Gading",14240,Beroperasi,(021) 4527582,(021) 4527583,,y,atm,https://goo.gl/maps/oL6Rssg6y3Q2
12-Jabodetabek-ATM,Kantor Cabang Pembantu,Tebet,Kelapa Gading,"Kompleks Rukan Gajah, Jl. Dr. Sahardjo No.111, RT. 001, RW. 01, Persil No.12 & No.13, Kel. Tebet Barat, Kec. Tebet",12810,Beroperasi,"(021) 83798666<br />(021) 83788700
",(021) 83798555,,y,atm,https://goo.gl/maps/Mw1oyotWGL82
12-Jawa Tengah-Kantor Cabang,Kantor Cabang,Magelang,Magelang,"Jl. Tidar No. 17, Magelang, 12-Jawa Tengah-1987",56126,08.30 - 14.30,(0293) 362181<br />(0293) 364344<br />(0293) 365261<br />(0293) 364405-06,(0293) 364271 ,22172,y,kantor,https://goo.gl/maps/3YtsDHYaZE32
12-Jawa Tengah-Kantor Cabang Pembantu,Kantor Cabang Pembantu,Temanggung,Magelang,"JL. KS. Tubun No. 1, Kel. Temanggung I, Kec. Temanggung",0,08.30 - 14.30,(0293) 491-555,(0293) 491-155,,y,kantor,https://goo.gl/maps/uBBXaW1tHBD2
12-Jawa Tengah-Kantor Cabang Pembantu,Kantor Cabang Pembantu,Muntilan,Magelang,"Komp. Ruko PJKA A. II No. 3, Muntilan, Magelang",56411,08.30 - 14.30,(0293) 586508<br />(0293) 587323,(0293) 587415,,n,kantor,https://goo.gl/maps/m9yTr32UmpF2
12-Jawa Tengah-ATM,Kantor Cabang,Magelang,Magelang,"Jl. Tidar No. 17, Magelang, 12-Jawa Tengah-1987",56126,Beroperasi,(0293) 362181<br />(0293) 364344<br />(0293) 365261<br />(0293) 364405-06,(0293) 364271 ,22172,y,atm,https://goo.gl/maps/3YtsDHYaZE32
12-Jawa Tengah-ATM,Kantor Cabang Pembantu,Temanggung,Magelang,"JL. KS. Tubun No. 1, Kel. Temanggung I, Kec. Temanggung",0,Beroperasi,(0293) 491-555,(0293) 491-155,,y,atm,https://goo.gl/maps/uBBXaW1tHBD2
12-Jawa Tengah-ATM,Kantor Cabang Pembantu,Muntilan,Magelang,"Komp. Ruko PJKA A. II No. 3, Muntilan, Magelang",56411,Beroperasi,(0293) 586508<br />(0293) 587323,(0293) 587415,,n,atm,https://goo.gl/maps/m9yTr32UmpF2
12-Sulawesi-Kantor Cabang,Kantor Cabang,Makassar,Makassar,Jl. 12-Sulawesi-1987 No. 83,90174,08.30 - 14.30,(0411) 321421,(0411) 315702 <br />(0411) 319457,,y,kantor,https://goo.gl/maps/NqKHhn8BfrE2
12-Sulawesi-Kantor Cabang Pembantu,Kantor Cabang Pembantu,Bandang,Makassar,"Jl. Bandang No. 50 B, Makassar",90156,Tutup Sementara,(0411) 326694,(0411) 317445,,n,kantor,https://goo.gl/maps/eVQdTqWTXR82
12-Sulawesi-Kantor Cabang Pembantu,Kantor Cabang Pembantu,Panakkukang,Makassar,"Jl. Pengayoman No. 48, Makassar",90231,08.30 - 14.30,(0411) 421921<br />(0411) 433017,(0411) 458260,,y,kantor,https://goo.gl/maps/viVmtS6NzWB2
12-Sulawesi-ATM,Kantor Cabang,Makassar,Makassar,Jl. 12-Sulawesi-1987 No. 83,90174,Beroperasi,(0411) 321421,(0411) 315702 <br />(0411) 319457,,y,atm,https://goo.gl/maps/NqKHhn8BfrE2
12-Sulawesi-ATM,Kantor Cabang Pembantu,Panakkukang,Makassar,"Jl. Pengayoman No. 48, Makassar",90231,Beroperasi,(0411) 421921<br />(0411) 433017,(0411) 458260,,y,atm,https://goo.gl/maps/viVmtS6NzWB2
12-Jawa Timur-Kantor Cabang,Kantor Cabang,Malang,Malang,"Jl. Basuki Rahmat No. 63, Malang",60261,08.30 - 14.30,(0341) 342333,(0341) 342572,31185,y,kantor,https://goo.gl/maps/Z9tDAvkU33D2
12-Jawa Timur-Kantor Cabang Pembantu,Kantor Cabang Pembantu,Sutan Syahrir,Malang,"Jl. Sutan Syahrir No. 51, Kel. Sukoharjo, Kec. Klojen
",0,08.30 - 14.30,(0341) 343230<br />(0341) 365096<br />(0341) 365119,(0341) 365118 ,,y,kantor,https://goo.gl/maps/L8Nwv8E9ieq
12-Jawa Timur-Kantor Cabang Pembantu,Kantor Cabang Pembantu,Blimbing,Malang,"Kompleks Pertokoan (Ruko) Letjend S. Parman 56, Blok A-6 Kel. Purwantoro, Kec. Blimbing, Malang
",65111,08.30 - 14.30,(0341) 405 100,(0341) 418 441,,y,kantor,https://goo.gl/maps/bXWoraohyGA2
12-Jawa Timur-ATM,Kantor Cabang,Malang,Malang,"Jl. Basuki Rahmat No. 63, Malang",60261,Beroperasi,(0341) 342333,(0341) 342572,31185,y,atm,https://goo.gl/maps/Z9tDAvkU33D2
12-Jawa Timur-ATM,Kantor Cabang Pembantu,Sutan Syahrir,Malang,"Jl. Sutan Syahrir No. 51, Kel. Sukoharjo, Kec. Klojen
",0,Beroperasi,(0341) 343230<br />(0341) 365096<br />(0341) 365119,(0341) 365118 ,,y,atm,https://goo.gl/maps/L8Nwv8E9ieq
12-Jawa Timur-ATM,Kantor Cabang Pembantu,Blimbing,Malang,"Kompleks Pertokoan (Ruko) Letjend S. Parman 56, Blok A-6 Kel. Purwantoro, Kec. Blimbing, Malang
",65111,Beroperasi,(0341) 405 100,(0341) 418 441,,y,atm,https://goo.gl/maps/bXWoraohyGA2
12-Sumatera-Kantor Wilayah,Kantor Wilayah,Kantor Wilayah 2,Medan,"Jl. Palang Merah No. 30, Lantai 3, Kel. Kesawan, Kec. Medan Barat, Medan",20231,08.30 - 14.30,(061) 4156574,(061) 4148556<br />(061) 4154793 <br />(061) 4560116,,,kantor,https://goo.gl/maps/JTeao9tkgCM2
12-Sumatera-Kantor Cabang,Kantor Cabang,Medan,Medan,"Jl. Palang Merah No. 30, Kel. Kesawan, Kec. Medan Barat, Medan",20231,08.30 - 14.30,(061) 4156574,(061) 4148556<br />(061) 4154793<br />(061) 4560116,51154<br />51325 ,y,kantor,https://goo.gl/maps/spNk7zJSDYD2
12-Sumatera-Kantor Cabang Pembantu,Kantor Cabang Pembantu,Tomang Elok,Medan,"Jl. Jend. Gatot Subroto, Kompleks Tomang Elok Blok A No. 55, Sei Sikambing, Medan ",11520,08.30 - 14.30,(061) 8455405<br />(061) 8455785<br />(061) 8455635,(061) 8455656 ,,y,kantor,https://goo.gl/maps/Q1jGgnGajar
12-Sumatera-Kantor Cabang Pembantu,Kantor Cabang Pembantu,Central Pasar,Medan,"Jl. Letjen Haryono MT , Central Pasar Medan Lt. 1, Blok I No. 1 - 2 - 17 - 18, Medan",20231,Tutup Sementara,(061) 4531929<br />(061) 4531611,(061) 4531737 ,,y,kantor,https://goo.gl/maps/33m8MYJek512
12-Sumatera-Kantor Cabang Pembantu,Kantor Cabang Pembantu,Asia,Medan,"Jl. Asia No. 132/172, Medan, Kel. Sei Rengas I, Kec. Medan Kota, Medan",20214,08.30 - 14.30,(061) 7368623<br />(061) 7368653,(061) 7368932 ,,y,kantor,https://goo.gl/maps/ofaUDExEFa62
12-Sumatera-Kantor Cabang Pembantu,Kantor Cabang Pembantu,Medan Business Centre,Medan,"Komplek Medan Business Centre (MBC), Jl. Let. Jend. S. Parman, Blok A No. 16, Kel. Petisah Tengah, Kec. Medan Petisah, Medan",20112,08.30 - 14.30,(061) 4148167<br />(061) 4148724<br />(061) 4148743,(061) 4148295,,y,kantor,https://goo.gl/maps/dtBo6DwbQpN2
12-Sumatera-Kantor Cabang Pembantu,Kantor Cabang Pembantu,Pulo Brayan,Medan,"Jl. K.L. Yos Sudarso No.18 A, Kel. Pulo Brayan Kota, Kec. Medan Barat, Medan",20116,Tutup Sementara,(061) 6611688<br />(061) 6611911,(061) 6636922,,y,kantor,https://goo.gl/maps/cnyhvSnLaaF2
12-Sumatera-Kantor Cabang Pembantu,Kantor Cabang Pembantu,Petisah,Medan,"Jl. Nibung Utama No. 10, Kel. Petisah Tengah, Kec. Medan Petisah, Medan",20112,08.30 - 14.30,(061) 4554322<br />(061) 4143383,(061) 4530251,,y,kantor,https://goo.gl/maps/pxNirAKfbZT2
12-Sumatera-Kantor Cabang Pembantu,Kantor Cabang Pembantu,Krakatau,Medan,"Jl. Gunung Krakatau No. 111-C, Kel. Glugur Darat I, Kec. Medan Timur, Medan",20725,08.30 - 14.30,(061) 6620991<br />(061) 6623079<br />(061) 6632211,(061) 6643483,,y,kantor,https://goo.gl/maps/DLqf7pRCUM42
12-Sumatera-ATM,Kantor Cabang,Medan,Medan,"Jl. Palang Merah No. 30, Kel. Kesawan, Kec. Medan Barat, Medan",20231,Beroperasi,(061) 4156574,(061) 4148556<br />(061) 4154793<br />(061) 4560116,51154<br />51325 ,y,atm,https://goo.gl/maps/spNk7zJSDYD2
12-Sumatera-ATM,Kantor Cabang Pembantu,Tomang Elok,Medan,"Jl. Jend. Gatot Subroto, Kompleks Tomang Elok Blok A No. 55, Sei Sikambing, Medan ",11520,Beroperasi,(061) 8455405<br />(061) 8455785<br />(061) 8455635,(061) 8455656 ,,y,atm,https://goo.gl/maps/Q1jGgnGajar
12-Sumatera-ATM,Kantor Cabang Pembantu,Asia,Medan,"Jl. Asia No. 132/172, Medan, Kel. Sei Rengas I, Kec. Medan Kota, Medan",20214,Beroperasi,(061) 7368623<br />(061) 7368653,(061) 7368932 ,,y,atm,https://goo.gl/maps/ofaUDExEFa62
12-Sumatera-ATM,Kantor Cabang Pembantu,Medan Business Centre,Medan,"Komplek Medan Business Centre (MBC), Jl. Let. Jend. S. Parman, Blok A No. 16, Kel. Petisah Tengah, Kec. Medan Petisah, Medan",20112,Beroperasi,(061) 4148167<br />(061) 4148724<br />(061) 4148743,(061) 4148295,,y,atm,https://goo.gl/maps/dtBo6DwbQpN2
12-Sumatera-ATM,Kantor Cabang Pembantu,Pulo Brayan,Medan,"Jl. K.L. Yos Sudarso No.18 A, Kel. Pulo Brayan Kota, Kec. Medan Barat, Medan",20116,Beroperasi,(061) 6611688<br />(061) 6611911,(061) 6636922,,y,atm,https://goo.gl/maps/cnyhvSnLaaF2
12-Sumatera-ATM,Kantor Cabang Pembantu,Petisah,Medan,"Jl. Nibung Utama No. 10, Kel. Petisah Tengah, Kec. Medan Petisah, Medan",20112,Beroperasi,(061) 4554322<br />(061) 4143383,(061) 4530251,,y,atm,https://goo.gl/maps/pxNirAKfbZT2
12-Sumatera-ATM,Kantor Cabang Pembantu,Krakatau,Medan,"Jl. Gunung Krakatau No. 111-C, Kel. Glugur Darat I, Kec. Medan Timur, Medan",20725,Beroperasi,(061) 6620991<br />(061) 6623079<br />(061) 6632211,(061) 6643483,,y,atm,https://goo.gl/maps/DLqf7pRCUM42
12-Sumatera-Kantor Cabang,Kantor Cabang,Medan Djuanda,Medan Djuanda,"Jl. Ir. H. Djuanda No. 20i, Kel. Sukadamai, Kec. Medan Polonia, Medan, 20157",20157,08.30 - 14.30,(061) 8881 5959,(061) 4200 3822,,y,kantor,https://goo.gl/maps/E7s1JkuVUZv
12-Sumatera-ATM,Kantor Cabang,Medan Djuanda,Medan Djuanda,"Jl. Ir. H. Djuanda No. 20i, Kel. Sukadamai, Kec. Medan Polonia, Medan, 20157",20157,Beroperasi,(061) 8881 5959,(061) 4200 3822,,y,atm,https://goo.gl/maps/E7s1JkuVUZv
12-Sumatera-Kantor Cabang,Kantor Cabang,Palembang,Palembang,"Jl. Mesjid Lama No. 48-50, Palembang, 12-Sumatera-1987 Selatan",30125,08.30 - 14.30,(0711) 310965,(0711) 313216<br />(0711) 316663<br />(0711) 361150<br />(0711) 357816,,y,kantor,https://goo.gl/maps/uow5KEJw5952
12-Sumatera-Kantor Cabang Pembantu,Kantor Cabang Pembantu,Jend. Sudirman ,Palembang,"Jl. Jend. Sudirman No. 1031 D-E, Palembang",30126,08.30 - 14.30,(0711) 358682 <br />(0711) 358411<br />(0711) 358572<br />(0711) 364952,(0711) 354891,,y,kantor,https://goo.gl/maps/UFznTaL4T4n
12-Sumatera-Kantor Cabang Pembantu,Kantor Cabang Pembantu,R. Sukamto,Palembang,"Jl. R. Sukamto No. 106 C, RT.008/004, Kel. 8 Ilir, Kec. Ilir Timur II, Kotamadya Palembang
",30114,08.30 - 14.30,(0711) 369 843,(0711) 367 072,,y,kantor,https://goo.gl/maps/d7YuKeGmwe92
12-Sumatera-ATM,Kantor Cabang,Palembang,Palembang,"Jl. Mesjid Lama No. 48-50, Palembang, 12-Sumatera-1987 Selatan",30125,Beroperasi,(0711) 310965,(0711) 313216<br />(0711) 316663<br />(0711) 361150<br />(0711) 357816,,y,atm,https://goo.gl/maps/uow5KEJw5952
12-Sumatera-ATM,Kantor Cabang Pembantu,Jend. Sudirman ,Palembang,"Jl. Jend. Sudirman No. 1031 D-E, Palembang",30126,Tidak Beroperasi,(0711) 358682 <br />(0711) 358411<br />(0711) 358572<br />(0711) 364952,(0711) 354891,,y,atm,https://goo.gl/maps/UFznTaL4T4n
12-Sumatera-ATM,Kantor Cabang Pembantu,R. Sukamto,Palembang,"Jl. R. Sukamto No. 106 C, RT.008/004, Kel. 8 Ilir, Kec. Ilir Timur II, Kotamadya Palembang
",30114,Beroperasi,(0711) 369 843,(0711) 367 072,,y,atm,https://goo.gl/maps/d7YuKeGmwe92
12-Sumatera-Kantor Cabang,Kantor Cabang,Pekanbaru,Pekanbaru,"Jl. Jend. Sudirman No. 442, Pekanbaru, Riau",28116,08.30 - 14.30,(0761) 21168<br />(0761) 21116<br />(0761) 20879<br />(0761) 848053,(0761) 848052,,y,kantor,https://goo.gl/maps/MKFgLQ3Vd7S2
12-Sumatera-Kantor Cabang Pembantu,Kantor Cabang Pembantu,Nangka ,Pekanbaru,"Jl. Nangka/Tuanku Tambusai No. 181, Pekanbaru, Riau",28125,08.30 - 14.30,(0761) 31308-9<br />(0761) 20440,(0761) 37317,,y,kantor,https://goo.gl/maps/cpApUGNA3bB2
12-Sumatera-ATM,Kantor Cabang,Pekanbaru,Pekanbaru,"Jl. Jend. Sudirman No. 442, Pekanbaru, Riau",28116,Beroperasi,(0761) 21168<br />(0761) 21116<br />(0761) 20879<br />(0761) 848053,(0761) 848052,,y,atm,https://goo.gl/maps/MKFgLQ3Vd7S2
12-Sumatera-ATM,Kantor Cabang Pembantu,Nangka ,Pekanbaru,"Jl. Nangka/Tuanku Tambusai No. 181, Pekanbaru, Riau",28125,Beroperasi,(0761) 31308-9<br />(0761) 20440,(0761) 37317,,y,atm,https://goo.gl/maps/cpApUGNA3bB2
12-Kalimantan-Kantor Cabang,Kantor Cabang,Pontianak,Pontianak,"Jl. HOS Cokroaminoto No. 266/A, Kota Pontianak",78117,08.30 - 14.30,(0561) 732600<br />(0561) 734656,(0561) 736282,,y,kantor,https://goo.gl/maps/EbK4kiP5GT12
12-Kalimantan-Kantor Cabang Pembantu,Kantor Cabang Pembantu,Sui Raya,Pontianak,"Jl. Adi Sucipto Km 7,3 , Sungai Raya",79171,Tutup Sementara,(0561) 721770 ,,,n,kantor,https://goo.gl/maps/t4dWGfZCsX72
12-Kalimantan-Kantor Cabang Pembantu,Kantor Cabang Pembantu,Sultan Muhammad,Pontianak,"Jl. Sultan Muhammad No. 175, Kel. Benua Melayu Laut, Kec. Pontianak Selatan, Pontianak",78123,08.30 - 14.30,(0561) 731583,(0561) 731582,,n,kantor,https://goo.gl/maps/2Y1zcrNVjsL2
12-Kalimantan-ATM,Kantor Cabang,Pontianak,Pontianak,"Jl. HOS Cokroaminoto No. 266/A, Kota Pontianak",78117,Beroperasi,(0561) 732600<br />(0561) 734656,(0561) 736282,,y,atm,https://goo.gl/maps/EbK4kiP5GT12
12-Kalimantan-ATM,Kantor Cabang Pembantu,Sultan Muhammad,Pontianak,"Jl. Sultan Muhammad No. 175, Kel. Benua Melayu Laut, Kec. Pontianak Selatan, Pontianak",78123,Beroperasi,(0561) 731583,(0561) 731582,,n,atm,https://goo.gl/maps/2Y1zcrNVjsL2
12-Jawa Tengah-Kantor Cabang,Kantor Cabang,Purwokerto,Purwokerto,"Jl. Jend. Sudirman No. 330, Purwokerto",53116,08.30 - 14.30,(0281) 631464<br />(0281) 623466<br />(0281) 635996<br />(0281) 630942<br />(0281) 630259<br />(0281) 635950,(0281) 636747<br />(0281) 640945,,y,kantor,https://goo.gl/maps/Kb3UsL7uXrs
12-Jawa Tengah-Kantor Cabang Pembantu,Kantor Cabang Pembantu,Pasar Wage,Purwokerto,"Ruko Gede - Kawasan Pasar Wage Blok A No. 1, Jl. Jend. Sudirman, Kel. Purwokerto Lor, Kec. Purwokerto Timur, Kab. Banyumas, Purwokerto",53114,08.30 - 14.30,(0281) 625508,(0281) 625745,,y,kantor,https://goo.gl/maps/5CDJYHTbj8p
12-Jawa Tengah-ATM,Kantor Cabang,Purwokerto,Purwokerto,"Jl. Jend. Sudirman No. 330, Purwokerto",53116,Beroperasi,(0281) 631464<br />(0281) 623466<br />(0281) 635996<br />(0281) 630942<br />(0281) 630259<br />(0281) 635950,(0281) 636747<br />(0281) 640945,,y,atm,https://goo.gl/maps/Kb3UsL7uXrs
12-Jawa Tengah-ATM,Kantor Cabang Pembantu,Pasar Wage,Purwokerto,"Ruko Gede - Kawasan Pasar Wage Blok A No. 1, Jl. Jend. Sudirman, Kel. Purwokerto Lor, Kec. Purwokerto Timur, Kab. Banyumas, Purwokerto",53114,Beroperasi,(0281) 625508,(0281) 625745,,y,atm,https://goo.gl/maps/5CDJYHTbj8p
12-Jabodetabek-Kantor Cabang,Kantor Cabang,Radio Dalam,Radio Dalam,"Jl. Radio Dalam No. 9 A, Kebayoran Baru",12140,08.30 - 14.30,(021) 7252647                                                           ,(021) 7252648,,y,kantor,https://goo.gl/maps/aN7voN3hcnH2
12-Jabodetabek-Kantor Cabang Pembantu,Kantor Cabang Pembantu,Pasar Minggu ,Radio Dalam,"Jl. Raya Ragunan No. 11, Pasar Minggu, Jakarta Selatan",12520,08.30 - 14.30,(021) 7804680<br />(021) 78831562<br />(021) 7890439,(021) 7890438,,y,kantor,https://goo.gl/maps/pHPMYoLX4tk
12-Jabodetabek-Kantor Cabang Pembantu,Kantor Cabang Pembantu,Permata Hijau,Radio Dalam,"Grand ITC Permata Hijau - Emerald No. 10, Jl. Letjen Soepeno (Arteri Permata Hijau), Kel. Grogol Utara, Kec. Kebayoran Lama, Jakarta Selatan",12210,08.30 - 14.30,(021) 53663111<br />(021) 53664376,(021) 53663222,,y,kantor,https://goo.gl/maps/ertixLNEjGE2
12-Jabodetabek-Kantor Cabang Pembantu,Kantor Cabang Pembantu,Pondok Indah ,Radio Dalam,"Jl. Metro Pondok Indah Sektor II, Blok UA Kav.46-47, Jakarta Selatan",12310,08.30 - 14.30,(021) 75906165<br />(021) 75900178,(021) 75900185 ,,y,kantor,https://goo.gl/maps/rG4YyEiZU3P2
12-Jabodetabek-Kantor Cabang Pembantu,Kantor Cabang Pembantu,Fatmawati,Radio Dalam,"Jl. Fatmawati Raya No. 1, RT.001/RW.04, Jakarta Selatan",12410,Tutup Sementara,(021) 7504770<br />(021) 7664823<br />(021) 7661367,(021) 7661333,,y,kantor,https://goo.gl/maps/RpinFeF5ort
12-Jabodetabek-Kantor Cabang Pembantu,Kantor Cabang Pembantu,Depok,Radio Dalam,"Pertokoan ITC Depok No. 48, Jalan Margonda Raya No.56, Kel. Depok, Kec. Pancoran Mas, Kota Depok",16431,08.30 - 14.30,(021) 7765236<br />(021) 77202916 - 18 ,(021) 7765237,,y,kantor,https://goo.gl/maps/ptcu18yME9D2
12-Jabodetabek-Kantor Cabang Pembantu,Kantor Cabang Pembantu,Panglima Polim,Radio Dalam,"Jl. Panglima Polim Raya No. 18A, B, C, Jakarta Selatan",12160,Tutup Sementara,(021) 7251603<br />(021) 7202668<br />(021) 7251655,(021) 7222187,,y,kantor,https://goo.gl/maps/SmDSo3QFq1o
12-Jabodetabek-Kantor Cabang Pembantu,Kantor Cabang Pembantu,Wolter Monginsidi,Radio Dalam,"Gedung One Wolter Place, Jl. Wolter Monginsidi No. 63 B, Kel. Rawa Barat, Kec. Kebayoran Baru, Jakarta Selatan",12180,Tutup Sementara,(021) 7278 6262,(021) 739 4880,,y,kantor,https://goo.gl/maps/wQef7syjdp22
12-Jabodetabek-Kantor Cabang Pembantu,Kantor Cabang Pembantu,Bintaro Sektor 3A,Radio Dalam,"Rukan Bintaro Blok A.6 (Rukan depan Bintaro Plaza), Sektor 3A, Kel. Pondok Karya, Kec. Pondok Aren, Kota Tangerang Selatan",15225,08.30 - 14.30,(021) 736 2898,(021) 736 2897,,y,kantor,https://goo.gl/maps/q7RVpR5GXEK2
12-Jabodetabek-Kantor Cabang Pembantu,Kantor Cabang Pembantu,Kemang,Radio Dalam,"Jl. Kemang Raya No. 24 A, Kel. Bangka, Kec. Mampang Prapatan",12730,08.30 - 14.30,(021) 7179 4084<br />(021) 7179 4085<br />(021) 7179 4086,(021) 7179-4083,,y,kantor,https://goo.gl/maps/xUf6PKxh8aq
12-Jabodetabek-ATM,Kantor Cabang,Radio Dalam,Radio Dalam,"Jl. Radio Dalam No. 9 A, Kebayoran Baru",12140,Beroperasi,(021) 7252647                                                           ,(021) 7252648,,y,atm,https://goo.gl/maps/aN7voN3hcnH2
12-Jabodetabek-ATM,Kantor Cabang Pembantu,Pasar Minggu ,Radio Dalam,"Jl. Raya Ragunan No. 11, Pasar Minggu, Jakarta Selatan",12520,Beroperasi,(021) 7804680<br />(021) 78831562<br />(021) 7890439,(021) 7890438,,y,atm,https://goo.gl/maps/pHPMYoLX4tk
12-Jabodetabek-ATM,Kantor Cabang Pembantu,Permata Hijau,Radio Dalam,"Grand ITC Permata Hijau - Emerald No. 10, Jl. Letjen Soepeno (Arteri Permata Hijau), Kel. Grogol Utara, Kec. Kebayoran Lama, Jakarta Selatan",12210,Beroperasi,(021) 53663111<br />(021) 53664376,(021) 53663222,,y,atm,https://goo.gl/maps/ertixLNEjGE2
12-Jabodetabek-ATM,Kantor Cabang Pembantu,Pondok Indah ,Radio Dalam,"Jl. Metro Pondok Indah Sektor II, Blok UA Kav.46-47, Jakarta Selatan",12310,Beroperasi,(021) 75906165<br />(021) 75900178,(021) 75900185 ,,y,atm,https://goo.gl/maps/rG4YyEiZU3P2
12-Jabodetabek-ATM,Kantor Cabang Pembantu,Fatmawati,Radio Dalam,"Jl. Fatmawati Raya No. 1, RT.001/RW.04, Jakarta Selatan",12410,Beroperasi,(021) 7504770<br />(021) 7664823<br />(021) 7661367,(021) 7661333,,y,atm,https://goo.gl/maps/RpinFeF5ort
12-Jabodetabek-ATM,Kantor Cabang Pembantu,Depok,Radio Dalam,"Pertokoan ITC Depok No. 48, Jalan Margonda Raya No.56, Kel. Depok, Kec. Pancoran Mas, Kota Depok",16431,Beroperasi,(021) 7765236<br />(021) 77202916 - 18 ,(021) 7765237,,y,atm,https://goo.gl/maps/ptcu18yME9D2
12-Jabodetabek-ATM,Kantor Cabang Pembantu,Panglima Polim,Radio Dalam,"Jl. Panglima Polim Raya No. 18A, B, C, Jakarta Selatan",12160,Beroperasi,(021) 7251603<br />(021) 7202668<br />(021) 7251655,(021) 7222187,,y,atm,https://goo.gl/maps/SmDSo3QFq1o
12-Jabodetabek-ATM,Kantor Cabang Pembantu,Wolter Monginsidi,Radio Dalam,"Gedung One Wolter Place, Jl. Wolter Monginsidi No. 63 B, Kel. Rawa Barat, Kec. Kebayoran Baru, Jakarta Selatan",12180,Beroperasi,(021) 7278 6262,(021) 739 4880,,y,atm,https://goo.gl/maps/wQef7syjdp22
12-Jabodetabek-ATM,Kantor Cabang Pembantu,Bintaro Sektor 3A,Radio Dalam,"Rukan Bintaro Blok A.6 (Rukan depan Bintaro Plaza), Sektor 3A, Kel. Pondok Karya, Kec. Pondok Aren, Kota Tangerang Selatan",15225,Beroperasi,(021) 736 2898,(021) 736 2897,,y,atm,https://goo.gl/maps/q7RVpR5GXEK2
12-Jabodetabek-ATM,Kantor Cabang Pembantu,Kemang,Radio Dalam,"Jl. Kemang Raya No. 24 A, Kel. Bangka, Kec. Mampang Prapatan",12730,Beroperasi,(021) 7179 4084<br />(021) 7179 4085<br />(021) 7179 4086,(021) 7179-4083,,y,atm,https://goo.gl/maps/xUf6PKxh8aq
12-Kalimantan-Kantor Cabang,Kantor Cabang,Samarinda,Samarinda,"Jl. Pangeran Diponegoro No. 68-70, Samarinda, 12-Kalimantan-1987 Timur",75112,08.30 - 14.30,(0541) 732492-95-97<br />(0541) 749516-17-18,(0541) 732490,,y,kantor,https://goo.gl/maps/SHCDcW5ZdgK2
12-Kalimantan-Kantor Cabang Pembantu,Kantor Cabang Pembantu,Ruko Permata Kaltim,Samarinda,"Jl. Pahlawan (Ruko Permata Kaltim No.3B), Samarinda",75123,Tutup Sementara,(0541) 200138<br />(0541) 746807<br />(0541) 745082,(0541) 201961,,n,kantor,https://goo.gl/maps/c3mRNTG24mt
12-Kalimantan-Kantor Cabang Pembantu,Kantor Cabang Pembantu,Yos Sudarso,Samarinda,"Jl. Yos Sudarso No. 36, Samarinda",75112,08.30 - 14.30,(0541) 731558<br />(0541) 741586,(0541) 742274,,n,kantor,https://goo.gl/maps/ser2qkt4ppn
12-Kalimantan-ATM,Kantor Cabang,Samarinda,Samarinda,"Jl. Pangeran Diponegoro No. 68-70, Samarinda, 12-Kalimantan-1987 Timur",75112,Beroperasi,(0541) 732492-95-97<br />(0541) 749516-17-18,(0541) 732490,,y,atm,https://goo.gl/maps/SHCDcW5ZdgK2
12-Kalimantan-ATM,Kantor Cabang Pembantu,Yos Sudarso,Samarinda,"Jl. Yos Sudarso No. 36, Samarinda",75112,Beroperasi,(0541) 731558<br />(0541) 741586,(0541) 742274,,n,atm,https://goo.gl/maps/ser2qkt4ppn
12-Jawa Tengah-Kantor Wilayah,Kantor Wilayah,Kantor Wilayah 3,Semarang,"Menara Suara Merdeka Lantai 2, Jl. Pandanaran No.30, Kel. Pekunden, Kec. Semarang Tengah, Semarang",50137,08.30 - 14.30,(024) 8644 8000,(024) 8644 6066,,,kantor,https://goo.gl/maps/kNmuKLVGEPN2
12-Jawa Tengah-Kantor Cabang,Kantor Cabang,Semarang,Semarang,"Menara Suara Merdeka (Ground Floor, Mezzanine Floor, 2nd Floor) Jl. Pandanaran No.30, Kel. Pekunden, Kec. Semarang Tengah, Semarang",50137,08.30 - 14.30,(024) 8644 8000,(024) 8644 6066,,y,kantor,https://goo.gl/maps/ZT7HrNYVz422
12-Jawa Tengah-Kantor Cabang Pembantu,Kantor Cabang Pembantu,Siliwangi,Semarang,"Jl. Jend. Sudirman No. 131, Semarang",50141,08.30 - 14.30,(024) 7608791,(024) 7608623,,y,kantor,https://goo.gl/maps/CiCsGrXZV5K2
12-Jawa Tengah-Kantor Cabang Pembantu,Kantor Cabang Pembantu,Majapahit,Semarang,"Jl. Brigjend. Sudirato 106, Semarang",50167,08.30 - 14.30,(024) 6723762,(024) 6723761,,y,kantor,https://goo.gl/maps/ZmpDXHSjk652
12-Jawa Tengah-Kantor Cabang Pembantu,Kantor Cabang Pembantu,Salatiga,Semarang,"Jl. Jend. Sudirman No.188, Salatiga",50711,08.30 - 14.30,(0298) 322027,(0298) 326032,,y,kantor,https://goo.gl/maps/SQQxri6sGtr
12-Jawa Tengah-Kantor Cabang Pembantu,Kantor Cabang Pembantu,Gang Tengah,Semarang,"Jl. Gang Tengah No. 16, Semarang",50111,08.30 - 14.30,(024) 356 1800,(024) 356 1700,,y,kantor,https://goo.gl/maps/k4ePQwR6ru52
12-Jawa Tengah-Kantor Cabang Pembantu,Kantor Cabang Pembantu,Mataram,Semarang,"Ruko Plaza Blok A No. 8 A, Jl. MT Haryono, Semarang ",50136,08.30 - 14.30,(024) 3560033<br />(024) 3560461,(024) 3560462,,y,kantor,https://goo.gl/maps/feqpwmyBofH2
12-Jawa Tengah-Kantor Cabang Pembantu,Kantor Cabang Pembantu,Agus Salim,Semarang,"Kompleks Ruko THD Blok B-21, Jl. K.H. Agus Salim, Semarang",50137,08.30 - 14.30,(024) 3584035<br />(024) 3584007,(024) 3584036,,n,kantor,https://goo.gl/maps/Z7EQeaQdHhw
12-Jawa Tengah-ATM,Kantor Cabang,Semarang,Semarang,"Menara Suara Merdeka (Ground Floor, Mezzanine Floor, 2nd Floor) Jl. Pandanaran No.30, Kel. Pekunden, Kec. Semarang Tengah, Semarang",50137,Beroperasi,(024) 8644 8000,(024) 8644 6066,,y,atm,https://goo.gl/maps/ZT7HrNYVz422
12-Jawa Tengah-ATM,Kantor Cabang Pembantu,Siliwangi,Semarang,"Jl. Jend. Sudirman No. 131, Semarang",50141,Beroperasi,(024) 7608791,(024) 7608623,,y,atm,https://goo.gl/maps/CiCsGrXZV5K2
12-Jawa Tengah-ATM,Kantor Cabang Pembantu,Majapahit,Semarang,"Jl. Brigjend. Sudirato 106, Semarang",50167,Beroperasi,(024) 6723762,(024) 6723761,,y,atm,https://goo.gl/maps/ZmpDXHSjk652
12-Jawa Tengah-ATM,Kantor Cabang Pembantu,Salatiga,Semarang,"Jl. Jend. Sudirman No.188, Salatiga",50711,Beroperasi,(0298) 322027,(0298) 326032,,y,atm,https://goo.gl/maps/SQQxri6sGtr
12-Jawa Tengah-ATM,Kantor Cabang Pembantu,Gang Tengah,Semarang,"Jl. Gang Tengah No. 16, Semarang",50111,Beroperasi,(024) 356 1800,(024) 356 1700,,y,atm,https://goo.gl/maps/k4ePQwR6ru52
12-Jawa Tengah-ATM,Kantor Cabang Pembantu,Mataram,Semarang,"Ruko Plaza Blok A No. 8 A, Jl. MT Haryono, Semarang ",50136,Beroperasi,(024) 3560033<br />(024) 3560461,(024) 3560462,,y,atm,https://goo.gl/maps/feqpwmyBofH2
12-Banten-Kantor Cabang,Kantor Cabang,Serang,Serang,"Jl. M. Hasanuddin, Serang Plaza Blok II No. 3-7, Serang, 12-Banten-1987",42112,08.30 - 14.30,(0254) 200153<br />(0254) 201566,(0254) 200692,,y,kantor,https://goo.gl/maps/bMUoTeJoopm
12-Banten-Kantor Cabang Pembantu,Kantor Cabang Pembantu,Cilegon ,Serang,"Jl. Jend. Ahmad Yani No. 6, Cilegon",42411,08.30 - 14.30,(0254) 391033<br />(0254) 391034<br />(0254) 392057,(0254) 391151 ,,y,kantor,https://goo.gl/maps/P8Fr3wCWCmn
12-Banten-Kantor Cabang Pembantu,Kantor Cabang Pembantu,Rangkasbitung ,Serang,"Jl. Sunan Kalijaga No. 62, Rangkasbitung",42311,08.30 - 14.30,(0252) 201595<br />(0252) 201596,(0252) 201703,,y,kantor,https://goo.gl/maps/UnnX2Nvhe962
12-Banten-ATM,Kantor Cabang,Serang,Serang,"Jl. M. Hasanuddin, Serang Plaza Blok II No. 3-7, Serang, 12-Banten-1987",42112,Beroperasi,(0254) 200153<br />(0254) 201566,(0254) 200692,,y,atm,https://goo.gl/maps/bMUoTeJoopm
12-Banten-ATM,Kantor Cabang Pembantu,Cilegon ,Serang,"Jl. Jend. Ahmad Yani No. 6, Cilegon",42411,Beroperasi,(0254) 391033<br />(0254) 391034<br />(0254) 392057,(0254) 391151 ,,y,atm,https://goo.gl/maps/P8Fr3wCWCmn
12-Banten-ATM,Kantor Cabang Pembantu,Rangkasbitung ,Serang,"Jl. Sunan Kalijaga No. 62, Rangkasbitung",42311,Beroperasi,(0252) 201595<br />(0252) 201596,(0252) 201703,,y,atm,https://goo.gl/maps/UnnX2Nvhe962
12-Jawa Tengah-Kantor Cabang,Kantor Cabang,Solo,Solo,"Jl. Jend. Urip Sumoharjo No. 13-17, Solo, 12-Jawa Tengah-1987",57129,08.30 - 14.30,(0271) 646348,(0271) 668758<br />(0271) 630620<br />(0271) 646947,,y,kantor,https://goo.gl/maps/4qAkqTAe4JB2
12-Jawa Tengah-Kantor Cabang Pembantu,Kantor Cabang Pembantu,Pasar Klewer,Solo,"Beteng Trade Center Blok C No. 4, Kel. Kedunglumbu, Kec. Pasar Kliwon, Kotamadya Surakarta",57133,08.30 - 14.30,(0271) 641 798,(0271) 655 203,,y,kantor,https://goo.gl/maps/oWyv1jLx5R22
12-Jawa Tengah-Kantor Cabang Pembantu,Kantor Cabang Pembantu,Kratonan,Solo,Jl. Yos. Sudarso No. 246,57153,08.30 - 14.30,(0271) 652626<br />(0271) 654343,(0271) 655622,,y,kantor,https://goo.gl/maps/a3XEVf6gvJx
12-Jawa Tengah-Kantor Cabang Pembantu,Kantor Cabang Pembantu,Pasar Legi ,Solo,"Jl. Letjen. S. Parman No.83, Kel. Kestalan, Kec. Banjarsari, Kotamadya Surakarta, 12-Jawa Tengah-1987",57133,08.30 - 14.30,(0271) 666536,(0271) 641177,,y,kantor,https://goo.gl/maps/NbgN8azStUs
12-Jawa Tengah-Kantor Cabang Pembantu,Kantor Cabang Pembantu,Sragen,Solo,"Jl. Raya Sukowati No. 194, Sragen, Kel. Sragen Kulon, Kec. Sragen, Kab. Sragen, 12-Jawa Tengah-1987",57212,08.30 - 14.30,(0271) 891276<br />(0271) 891250,(0271) 891276,,y,kantor,https://goo.gl/maps/bg489uG5LGz
12-Jawa Tengah-Kantor Cabang Pembantu,Kantor Cabang Pembantu,Palur,Solo,"Jl. Raya Palur No. 59, Palur, Karanganyar, Solo",57771,08.30 - 14.30,(0271) 827474<br />(0271) 821733,(0271) 821166,,y,kantor,https://goo.gl/maps/dGxrVPtr9RS2
12-Jawa Tengah-ATM,Kantor Cabang,Solo,Solo,"Jl. Jend. Urip Sumoharjo No. 13-17, Solo, 12-Jawa Tengah-1987",57129,Beroperasi,(0271) 646348,(0271) 668758<br />(0271) 630620<br />(0271) 646947,,y,atm,https://goo.gl/maps/4qAkqTAe4JB2
12-Jawa Tengah-ATM,Kantor Cabang Pembantu,Pasar Klewer,Solo,"Beteng Trade Center Blok C No. 4, Kel. Kedunglumbu, Kec. Pasar Kliwon, Kotamadya Surakarta",57133,Beroperasi,(0271) 641 798,(0271) 655 203,,y,atm,https://goo.gl/maps/oWyv1jLx5R22
12-Jawa Tengah-ATM,Kantor Cabang Pembantu,Kratonan,Solo,Jl. Yos. Sudarso No. 246,57153,Beroperasi,(0271) 652626<br />(0271) 654343,(0271) 655622,,y,atm,https://goo.gl/maps/a3XEVf6gvJx
12-Jawa Tengah-ATM,Kantor Cabang Pembantu,Pasar Legi ,Solo,"Jl. Letjen. S. Parman No.83, Kel. Kestalan, Kec. Banjarsari, Kotamadya Surakarta, 12-Jawa Tengah-1987",57133,Beroperasi,(0271) 666536,(0271) 641177,,y,atm,https://goo.gl/maps/NbgN8azStUs
12-Jawa Tengah-ATM,Kantor Cabang Pembantu,Sragen,Solo,"Jl. Raya Sukowati No. 194, Sragen, Kel. Sragen Kulon, Kec. Sragen, Kab. Sragen, 12-Jawa Tengah-1987",57212,Beroperasi,(0271) 891276<br />(0271) 891250,(0271) 891276,,y,atm,https://goo.gl/maps/bg489uG5LGz
12-Jawa Tengah-ATM,Kantor Cabang Pembantu,Palur,Solo,"Jl. Raya Palur No. 59, Palur, Karanganyar, Solo",57771,Beroperasi,(0271) 827474<br />(0271) 821733,(0271) 821166,,y,atm,https://goo.gl/maps/dGxrVPtr9RS2
12-Jawa Timur-Kantor Wilayah,Kantor Wilayah,Kantor Wilayah 4,Surabaya,"Jl. Panglima Sudirman No. 53, Lantai 3, Kel. Embong Kaliasan, Kec. Genteng Surabaya",60271,08.30 - 14.30,(031) 5471772<br />(031) 5481888,(031) 5345026 <br />(031) 5345136 <br />(031) 5345146,,,kantor,https://goo.gl/maps/7jrt2ThHGu92
12-Jawa Timur-Kantor Cabang,Kantor Cabang,Surabaya,Surabaya,Jl. Panglima Sudirman No. 53,60271,08.30 - 14.30,(031) 5471772<br />(031) 5481888,(031) 5345026 <br />(031) 5345136 <br />(031) 5345146,,y,kantor,https://goo.gl/maps/iyeXdkPb6GM2
12-Jawa Timur-Kantor Cabang Pembantu,Kantor Cabang Pembantu,Coklat,Surabaya,"Jl. Coklat No. 12 - 14, Surabaya",60161,08.30 - 14.30,(031) 3526784<br />(031) 3530966,(031) 3523332,,y,kantor,https://goo.gl/maps/MC9Se1jczfC2
12-Jawa Timur-Kantor Cabang Pembantu,Kantor Cabang Pembantu,Perak Timur,Surabaya,"Ruko Tanjung Perak, Jl. Perak Timur No. 42, Kel. Perak Timur, Kec. Pabean Cantian",60164,Tutup Sementara,(031) 355 0318,(031) 355 0314,,y,kantor,https://goo.gl/maps/L7mAySd8bTN2
12-Jawa Timur-Kantor Cabang Pembantu,Kantor Cabang Pembantu,Kedungdoro,Surabaya,"Jl. Kedungdoro 155 D, Surabaya",60261,08.30 - 14.30,(031) 5321365<br />(031) 5322451,(031) 5471442,,y,kantor,https://goo.gl/maps/gqxKQ4pkNvJ2
12-Jawa Timur-Kantor Cabang Pembantu,Kantor Cabang Pembantu,Kertajaya,Surabaya,"Jl. Kertajaya No. 172, Surabaya",60286,Tutup Sementara,(031) 5019391<br />(031) 5054047<br />(031) 5031657,(031) 5017300,,n,kantor,https://goo.gl/maps/xPTrv6DY8kk
12-Jawa Timur-Kantor Cabang Pembantu,Kantor Cabang Pembantu,Kapas Krampung ,Surabaya,"Jl. Kapas Krampung 55 B, Surabaya",60135,08.30 - 14.30,(031) 3727910<br />(031) 3718281<br />(031) 3769292,(031) 3715633 ,,y,kantor,https://goo.gl/maps/qYusPw46R2S2
12-Jawa Timur-Kantor Cabang Pembantu,Kantor Cabang Pembantu,Rungkut,Surabaya,"Jl. Rungkut Kidul Industri No. 62, Surabaya",60293,08.30 - 14.30,(031) 8418271<br />(031) 8419272,(031) 8414517,,y,kantor,https://goo.gl/maps/nUMVTBjm7mv
12-Jawa Timur-Kantor Cabang Pembantu,Kantor Cabang Pembantu,Pasar Atum,Surabaya,"Pasar Atum Mall Lantai 4 FS-3,5, Jl. Bunguran 45, Kel. Bongkaran, Kec. Pabean Cantikan, Surabaya",60161,08.30 - 14.30,(031) 3523545<br />(031) 3558115,(031) 3530793,,y,kantor,https://goo.gl/maps/auRJ9VHQiUM2
12-Jawa Timur-Kantor Cabang Pembantu,Kantor Cabang Pembantu,Raden Saleh,Surabaya,"Jl. Raden Saleh No. 8-A, Kel. Bubutan, Kec. Bubutan
",0,Tutup Sementara,(031) 5359970<br />(031) 5359971<br />(031) 5359974<br />(031) 5359963,(031) 5355964,,y,kantor,https://goo.gl/maps/BnBgQ17WMQy
12-Jawa Timur-Kantor Cabang Pembantu,Kantor Cabang Pembantu,MERR,Surabaya,"Jl. Dr. Ir. H. Soekarno Kav.R-3, Komp. Ruko Icon 21, MERR, Kel. Klampisngasem, Kec. Sukolilo, Surabaya
",60117,08.30 - 14.30,(031) 5925585 ,(031) 5929072,,n,kantor,https://goo.gl/maps/sfN2uMruspFasbGx8
12-Jawa Timur-Kantor Cabang Pembantu,Kantor Cabang Pembantu,Baliwerti,Surabaya,"Jl. Gemblongan No. 65 L, Kel. Aloon-aloon Contong, Kec. Bubutan, Surabaya",60174,08.30 - 14.30,(031) 5322886<br />(031) 5327030,(031) 5353720,,n,kantor,https://goo.gl/maps/KBFn13CBTVm
12-Jawa Timur-Kantor Cabang Pembantu,Kantor Cabang Pembantu,Klampis,Surabaya,"Jl. Klampis Jaya No. 27 C, Kel. Klampisngasem, Kec. Sukolilo, Surabaya",60117,Tutup Sementara,(031) 5927672<br />(031) 5927673,(031) 5927262,,n,kantor,https://goo.gl/maps/DCFsXfkeQGw
12-Jawa Timur-ATM,Kantor Cabang,Surabaya,Surabaya,Jl. Panglima Sudirman No. 53,60271,Beroperasi,(031) 5471772<br />(031) 5481888,(031) 5345026 <br />(031) 5345136 <br />(031) 5345146,,y,atm,https://goo.gl/maps/iyeXdkPb6GM2
12-Jawa Timur-ATM,Kantor Cabang Pembantu,Coklat,Surabaya,"Jl. Coklat No. 12 - 14, Surabaya",60161,Beroperasi,(031) 3526784<br />(031) 3530966,(031) 3523332,,y,atm,https://goo.gl/maps/MC9Se1jczfC2
12-Jawa Timur-ATM,Kantor Cabang Pembantu,Perak Timur,Surabaya,"Ruko Tanjung Perak, Jl. Perak Timur No. 42, Kel. Perak Timur, Kec. Pabean Cantian",60164,Beroperasi,(031) 355 0318,(031) 355 0314,,y,atm,https://goo.gl/maps/L7mAySd8bTN2
12-Jawa Timur-ATM,Kantor Cabang Pembantu,Kedungdoro,Surabaya,"Jl. Kedungdoro 155 D, Surabaya",60261,Beroperasi,(031) 5321365<br />(031) 5322451,(031) 5471442,,y,atm,https://goo.gl/maps/gqxKQ4pkNvJ2
12-Jawa Timur-ATM,Kantor Cabang Pembantu,Kapas Krampung ,Surabaya,"Jl. Kapas Krampung 55 B, Surabaya",60135,Beroperasi,(031) 3727910<br />(031) 3718281<br />(031) 3769292,(031) 3715633 ,,y,atm,https://goo.gl/maps/qYusPw46R2S2
12-Jawa Timur-ATM,Kantor Cabang Pembantu,Rungkut,Surabaya,"Jl. Rungkut Kidul Industri No. 62, Surabaya",60293,Beroperasi,(031) 8418271<br />(031) 8419272,(031) 8414517,,y,atm,https://goo.gl/maps/nUMVTBjm7mv
12-Jawa Timur-ATM,Kantor Cabang Pembantu,Pasar Atum,Surabaya,"Pasar Atum Mall Lantai 4 FS-3,5, Jl. Bunguran 45, Kel. Bongkaran, Kec. Pabean Cantikan, Surabaya",60161,Beroperasi,(031) 3523545<br />(031) 3558115,(031) 3530793,,y,atm,https://goo.gl/maps/auRJ9VHQiUM2
12-Jawa Timur-ATM,Kantor Cabang Pembantu,Raden Saleh,Surabaya,"Jl. Raden Saleh No. 8-A, Kel. Bubutan, Kec. Bubutan
",0,Tidak Beroperasi,(031) 5359970<br />(031) 5359971<br />(031) 5359974<br />(031) 5359963,(031) 5355964,,y,atm,https://goo.gl/maps/BnBgQ17WMQy
12-Jawa Timur-Kantor Cabang,Kantor Cabang,Surabaya Bukit Darmo,Surabaya Bukit Darmo,"Jl. Raya Bukit Darmo Golf, Blok R No. 28 - 30, Kel. Pradah Kalikendal, Kec. Dukuh Pakis",60226,08.30 - 14.30,(031) 7343949 (Hunting)<br />(031) 7326000 (Privilege Banking)<br /> (031) 5486008 (Call Centre 24 jam),(031) 7343910 (Sekretariat)<br />(031) 7348259 (Back Office Lt. 1)<br />(031) 7341943 (Back Office Lt. 2),,y,kantor,https://goo.gl/maps/tRxtsVnids92
12-Jawa Timur-Kantor Cabang Pembantu,Kantor Cabang Pembantu,Sidoarjo,Surabaya Bukit Darmo,"Jl. Jend. Achmad Yani 40 J, Sidoarjo",61212,08.30 - 14.30,(031) 8941836<br />(031) 8941046,(031) 8941047,,y,kantor,https://goo.gl/maps/PaCzVXdwNov
12-Jawa Timur-Kantor Cabang Pembantu,Kantor Cabang Pembantu,Mayjend. Sungkono,Surabaya Bukit Darmo,"Komp. Darmo Park I Blok III-A No. 7-8, Jl. Mayjend. Sungkono, Surabaya",60225,08.30 - 14.30,(031) 5614431<br />(031) 5682062,(031) 5672982 ,,y,kantor,https://goo.gl/maps/G53PwKuaSnt
12-Jawa Timur-Kantor Cabang Pembantu,Kantor Cabang Pembantu,Gresik,Surabaya Bukit Darmo,"Jl. Usman Sadar No. 84, Gresik",61118,08.30 - 14.30,(031) 3990053<br />(031) 3972145,(031) 3990054,,y,kantor,https://goo.gl/maps/uH75HSGuTYq
12-Jawa Timur-ATM,Kantor Cabang,Surabaya Bukit Darmo,Surabaya Bukit Darmo,"Jl. Raya Bukit Darmo Golf, Blok R No. 28 - 30, Kel. Pradah Kalikendal, Kec. Dukuh Pakis",60226,Beroperasi,(031) 7343949 (Hunting)<br />(031) 7326000 (Privilege Banking)<br /> (031) 5486008 (Call Centre 24 jam),(031) 7343910 (Sekretariat)<br />(031) 7348259 (Back Office Lt. 1)<br />(031) 7341943 (Back Office Lt. 2),,y,atm,https://goo.gl/maps/tRxtsVnids92
12-Jawa Timur-ATM,Kantor Cabang Pembantu,Sidoarjo,Surabaya Bukit Darmo,"Jl. Jend. Achmad Yani 40 J, Sidoarjo",61212,Beroperasi,(031) 8941836<br />(031) 8941046,(031) 8941047,,y,atm,https://goo.gl/maps/PaCzVXdwNov
12-Jawa Timur-ATM,Kantor Cabang Pembantu,Mayjend. Sungkono,Surabaya Bukit Darmo,"Komp. Darmo Park I Blok III-A No. 7-8, Jl. Mayjend. Sungkono, Surabaya",60225,Beroperasi,(031) 5614431<br />(031) 5682062,(031) 5672982 ,,y,atm,https://goo.gl/maps/G53PwKuaSnt
12-Jawa Timur-ATM,Kantor Cabang Pembantu,Gresik,Surabaya Bukit Darmo,"Jl. Usman Sadar No. 84, Gresik",61118,Tidak Beroperasi,(031) 3990053<br />(031) 3972145,(031) 3990054,,y,atm,https://goo.gl/maps/uH75HSGuTYq
12-Jawa Timur-Kantor Cabang,Kantor Cabang,Surabaya Manyar Kertoarjo,Surabaya Manyar Kertoarjo,"Jl. Manyar Kertoarjo No. 50, Kel. Manyar Sabrangan, Kec. Sukolilo",60116,08.30 - 14.30,(031) 599 1168<br />(031) 599 1428,(031) 599 1411<br />(031) 599 1412,,y,kantor,https://goo.gl/maps/6FqmebeAyrB2
12-Jawa Timur-ATM,Kantor Cabang,Surabaya Manyar Kertoarjo,Surabaya Manyar Kertoarjo,"Jl. Manyar Kertoarjo No. 50, Kel. Manyar Sabrangan, Kec. Sukolilo",60116,Beroperasi,(031) 599 1168<br />(031) 599 1428,(031) 599 1411<br />(031) 599 1412,,y,atm,https://goo.gl/maps/6FqmebeAyrB2
12-Jawa Barat-Kantor Cabang,Kantor Cabang,Tasikmalaya,Tasikmalaya,"Jl. Empang No. 50, Tasikmalaya, 12-Jawa Barat-1987",46113,08.30 - 14.30,(0265) 310300 ,(0265) 332007,,y,kantor,https://goo.gl/maps/DrKhW5eLfJM2
12-Jawa Barat-ATM,Kantor Cabang,Tasikmalaya,Tasikmalaya,"Jl. Empang No. 50, Tasikmalaya, 12-Jawa Barat-1987",46113,Beroperasi,(0265) 310300 ,(0265) 332007,,y,atm,https://goo.gl/maps/DrKhW5eLfJM2
12-Jawa Tengah-Kantor Cabang,Kantor Cabang,Tegal,Tegal,"Jl. Kolonel Sugiono No. 56, RT.003/RW.05, Kel. Pekauman, Kec. Tegal Barat, Tegal",52113,08.30 - 14.30,(0283) 325001 <br />(0283) 325005,(0283) 325008,,y,kantor,https://goo.gl/maps/xxrFKZR6sTD2
12-Jawa Tengah-ATM,Kantor Cabang,Tegal,Tegal,"Jl. Kolonel Sugiono No. 56, RT.003/RW.05, Kel. Pekauman, Kec. Tegal Barat, Tegal",52113,Beroperasi,(0283) 325001 <br />(0283) 325005,(0283) 325008,,y,atm,https://goo.gl/maps/xxrFKZR6sTD2
12-Jabodetabek-Kantor Cabang,Kantor Cabang,UOB Plaza,UOB Plaza,"Jl. M.H. Thamrin No. 10, Kel. Kebon Melati, Kec. Tanah Abang",10230,08.30 - 14.30,(021) 29936900,(021) 29936680-82,,y,kantor,https://goo.gl/maps/FoV4AhY4MbH2
12-Jabodetabek-Kantor Cabang Pembantu,Kantor Cabang Pembantu,Palmerah ,UOB Plaza,"Jl. Palmerah Barat No. 39 B, Jakarta Pusat",10270,08.30 - 14.30,(021) 5325479 <br />(021) 5308785,(021) 5329249,,y,kantor,https://goo.gl/maps/UqKUASgn1vR2
12-Jabodetabek-Kantor Cabang Pembantu,Kantor Cabang Pembantu,Tanah Abang,UOB Plaza,"Pusat Perdagangan Tanah Abang Bukit Blok F No. 6-8, Jl. K.H. Fahruddin, Jakarta Pusat",10250,08.30 - 14.30,(021) 3803320<br />(021) 3846171,"(021) 3151787<br />
(021) 38903406",,y,kantor,https://goo.gl/maps/FEkRWJSjQwz
12-Jabodetabek-Kantor Cabang Pembantu,Kantor Cabang Pembantu,Senen,UOB Plaza,"Pusat Grosir Senen Jaya, Lantai Dasar No. C8-1, Jl. Senen Raya, Kel. Senen, Kec. Senen
",0,08.30 - 14.30,(021) 29939511<br />(021) 29939513<br />(021) 29939514<br />(021) 29939515<br />(021) 29939516,(021) 29939512,,y,kantor,https://goo.gl/maps/GkPLyF7qZYz
12-Jabodetabek-Kantor Cabang Pembantu,Kantor Cabang Pembantu,Asemka,UOB Plaza,"Wisma Indramas, Jl. Pintu Besar Selatan No.59-65",11110,08.30 - 14.30,(021) 22631188,(021) 22632118,,y,kantor,https://goo.gl/maps/tKEiJMQ1U7T2
12-Jabodetabek-Kantor Cabang Pembantu,Kantor Cabang Pembantu,Wahid Hasyim,UOB Plaza,"Jl. K.H. Wahid Hasyim No. 89, Jakarta Pusat",10350,08.30 - 14.30,(021) 29276200,(021) 29276400,,y,kantor,https://goo.gl/maps/1UeNJq1QXz52
12-Jabodetabek-Kantor Cabang Pembantu,Kantor Cabang Pembantu,Metro Tanah Abang,UOB Plaza,"Pusat Grosir Metro Tanah Abang Banking Center Lantai 7 Unit No.1, Jl. K.H. Wahid Hasyim No. 187-189, Tanah Abang, Jakarta Pusat",10250,08.30 - 14.30,(021) 30036023<br />(021) 30036024<br />(021) 30036025,(021) 30036026,,y,kantor,https://goo.gl/maps/KN1ViJuMmjF2
12-Jabodetabek-Kantor Cabang Pembantu,Kantor Cabang Pembantu,Rasuna Said,UOB Plaza,"Wisma Tugu II, Jl. H.R. Rasuna Said Kav. C7 No. 9, Kel. Karet, Kec. Setiabudi, Kuningan, Jakarta",12950,08.30 - 14.30,(021) 522 1107,(021) 522 1108,,y,kantor,https://goo.gl/maps/qXZ4ohDygpA2
12-Jabodetabek-ATM,Kantor Cabang,UOB Plaza,UOB Plaza,"Jl. M.H. Thamrin No. 10, Kel. Kebon Melati, Kec. Tanah Abang",10230,Beroperasi,(021) 29936900,(021) 29936680-82,,y,atm,https://goo.gl/maps/FoV4AhY4MbH2
12-Jabodetabek-ATM,Kantor Cabang Pembantu,Palmerah ,UOB Plaza,"Jl. Palmerah Barat No. 39 B, Jakarta Pusat",10270,Beroperasi,(021) 5325479 <br />(021) 5308785,(021) 5329249,,y,atm,https://goo.gl/maps/UqKUASgn1vR2
12-Jabodetabek-ATM,Kantor Cabang Pembantu,Tanah Abang,UOB Plaza,"Pusat Perdagangan Tanah Abang Bukit Blok F No. 6-8, Jl. K.H. Fahruddin, Jakarta Pusat",10250,Beroperasi,(021) 3803320<br />(021) 3846171,"(021) 3151787<br />
(021) 38903406",,y,atm,https://goo.gl/maps/FEkRWJSjQwz
12-Jabodetabek-ATM,Kantor Cabang Pembantu,Senen,UOB Plaza,"Pusat Grosir Senen Jaya, Lantai Dasar No. C8-1, Jl. Senen Raya, Kel. Senen, Kec. Senen
",0,Beroperasi,(021) 29939511<br />(021) 29939513<br />(021) 29939514<br />(021) 29939515<br />(021) 29939516,(021) 29939512,,y,atm,https://goo.gl/maps/GkPLyF7qZYz
12-Jabodetabek-ATM,Kantor Cabang Pembantu,Asemka,UOB Plaza,"Wisma Indramas, Jl. Pintu Besar Selatan No.59-65",11110,Beroperasi,(021) 22631188,(021) 22632118,,y,atm,https://goo.gl/maps/tKEiJMQ1U7T2
12-Jabodetabek-ATM,Kantor Cabang Pembantu,Wahid Hasyim,UOB Plaza,"Jl. K.H. Wahid Hasyim No. 89, Jakarta Pusat",10350,Beroperasi,(021) 29276200,(021) 29276400,,y,atm,https://goo.gl/maps/1UeNJq1QXz52
12-Jabodetabek-ATM,Kantor Cabang Pembantu,Metro Tanah Abang,UOB Plaza,"Pusat Grosir Metro Tanah Abang Banking Center Lantai 7 Unit No.1, Jl. K.H. Wahid Hasyim No. 187-189, Tanah Abang, Jakarta Pusat",10250,Beroperasi,(021) 30036023<br />(021) 30036024<br />(021) 30036025,(021) 30036026,,y,atm,https://goo.gl/maps/KN1ViJuMmjF2
12-Jabodetabek-ATM,Kantor Cabang Pembantu,Rasuna Said,UOB Plaza,"Wisma Tugu II, Jl. H.R. Rasuna Said Kav. C7 No. 9, Kel. Karet, Kec. Setiabudi, Kuningan, Jakarta",12950,Beroperasi,(021) 522 1107,(021) 522 1108,,y,atm,https://goo.gl/maps/qXZ4ohDygpA2
12-Jawa Tengah-Kantor Cabang,Kantor Cabang,Yogyakarta,Yogyakarta,"Jl. Jend. Sudirman No. 62, Yogyakarta",55224,08.30 - 14.30,(0274) 562000<br />(0274) 517410,(0274) 563433,,y,kantor,https://goo.gl/maps/aC5KMuAGsX92
12-Jawa Tengah-Kantor Cabang Pembantu,Kantor Cabang Pembantu,Brigjend Katamso,Yogyakarta,"Jl. Brigjend. Katamso No. 278 (lama 280), Yogyakarta",55152,08.30 - 14.30,(0274) 384193<br />(0274) 415732,(0274) 378569,,n,kantor,https://goo.gl/maps/aF5rgRB8bg72
12-Jawa Tengah-Kantor Cabang Pembantu,Kantor Cabang Pembantu,Pasar Beringharjo,Yogyakarta,"Jl. Sriwedani, Ruko No. 11, Kel. Ngupasan, Kec. Gondomanan, Yogyakarta",55213,Tutup Sementara,(0274) 546350,(0274) 555911,,n,kantor,https://goo.gl/maps/hzodZutAQtT2
12-Jawa Tengah-Kantor Cabang Pembantu,Kantor Cabang Pembantu,Kricak,Yogyakarta,"Jl. Magelang No. 81, Yogyakarta",55242,08.30 - 14.30,(0274) 553385,(0274) 563672,,y,kantor,https://goo.gl/maps/MuVEk28rEjm
12-Jawa Tengah-ATM,Kantor Cabang,Yogyakarta,Yogyakarta,"Jl. Jend. Sudirman No. 62, Yogyakarta",55224,Beroperasi,(0274) 562000<br />(0274) 517410,(0274) 563433,,y,atm,https://goo.gl/maps/aC5KMuAGsX92
12-Jawa Tengah-ATM,Kantor Cabang Pembantu,Brigjend Katamso,Yogyakarta,"Jl. Brigjend. Katamso No. 278 (lama 280), Yogyakarta",55152,Beroperasi,(0274) 384193<br />(0274) 415732,(0274) 378569,,n,atm,https://goo.gl/maps/aF5rgRB8bg72
12-Jawa Tengah-ATM,Kantor Cabang Pembantu,Kricak,Yogyakarta,"Jl. Magelang No. 81, Yogyakarta",55242,Beroperasi,(0274) 553385,(0274) 563672,,y,atm,https://goo.gl/maps/MuVEk28rEjm
